P	piece_Bottle1	Bottle I	Misc	Wood	sup=False	supWear=True	burn=True	hp=10	fireMod=Normal	roofWear=True	layer=10	cols=Box@10	rb=0.14,0.32,0.15	cb=0.07,0.2,0.09@0,0.11,0	rbc=0,0.16,0	colDetail=collider{pos=0,0.18,0,scale=0.17,0.16,0.26,center=0,0,0,size=0.39,1.21,0.33}	snaps=	comps=	ground=False/False	noclip=False
P	piece_Bottle2	Bottle II	Misc	Wood	sup=False	supWear=True	burn=True	hp=10	fireMod=Normal	roofWear=True	layer=10	cols=Box@10 Box@10	rb=0.18,0.36,0.18	cb=0.08,0.33,0.09@0,0.18,0	rbc=0,0.18,0	colDetail=collider{pos=0,0.18,0,scale=0.23,0.15,0.24,center=0,0,0,size=0.39,1.21,0.33} collider (1){pos=0,0.33,0,scale=0.12,0.24,0.09,center=0,0,0,size=0.39,1.21,0.33}	snaps=	comps=	ground=False/False	noclip=False
P	piece_Bottle3	Bottle III	Misc	Wood	sup=False	supWear=True	burn=True	hp=10	fireMod=Normal	roofWear=True	layer=10	cols=Box@10	rb=0.32,0.38,0.23	cb=0.11,0.37,0.14@0,0.19,0	rbc=0.04,0.19,0	colDetail=collider{pos=0,0.19,0,scale=0.29,0.31,0.43,center=0,0,0,size=0.39,1.21,0.33}	snaps=	comps=	ground=False/False	noclip=False
P	piece_Bottle4	Bottle IV	Misc	Wood	sup=False	supWear=True	burn=True	hp=10	fireMod=Normal	roofWear=True	layer=10	cols=Box@10 Box@10	rb=0.11,0.4,0.11	cb=0.07,0.41,0.08@0,0.2,0.41	rbc=0,0.2,0.41	colDetail=collider{pos=0,0.15,0.47,scale=0.18,0.23,0.24,center=0,0,0,size=0.39,1.21,0.33} collider (1){pos=0,0.4,0.47,scale=0.08,0.1,0.1,center=0,0,0,size=0.39,1.21,0.33}	snaps=	comps=	ground=False/False	noclip=False
P	piece_Sundial	Sundial	Crafting	Wood	sup=True	supWear=True	burn=True	hp=199	fireMod=Normal	roofWear=True	layer=10	cols=Box@10 Box@10 Box@10	rb=1.24,0.55,1.24	cb=0.92,0.54,0.94@-0.44,0.38,0.5	rbc=-0.46,0.42,0.48	colDetail=collider{pos=-22,10.7,24.9,scale=0.34,0.76,2.85,center=0,0,0,size=0.39,1.21,0.33} collider (1){pos=-22,12.3,24.9,scale=0.71,0.06,0.95,center=0,0,0,size=0.39,1.21,0.33} collider (2){pos=-22,22,29.9,scale=0.11,0.06,1.76,center=0,0,0,size=0.39,1.21,0.33}	snaps=	comps=	ground=False/False	noclip=False
P	piece_Bottle6	Bottle VI	Misc	Wood	sup=False	supWear=True	burn=True	hp=10	fireMod=Normal	roofWear=True	layer=10	cols=Box@10 Box@10	rb=0.08,0.28,0.08	cb=0.07,0.27,0.08@0,0.14,0	rbc=0,0.14,0	colDetail=collider{pos=0,0.08,0,scale=0.19,0.16,0.25,center=0,0,0,size=0.39,1.21,0.33} collider (1){pos=0,0.18,0,scale=0.07,0.08,0.1,center=0,0,0,size=0.39,1.21,0.33}	snaps=	comps=	ground=False/False	noclip=False
P	piece_CoffeePot	Copper Kettle	Misc	Iron	sup=True	supWear=True	burn=True	hp=250	fireMod=Resistant	roofWear=False	layer=10	cols=Box@10	rb=0.18,0.28,0.23	cb=0.11,0.2,0.14@0,0.1,0	rbc=0.01,0.14,-0.02	colDetail=collider{pos=0,0.17,0,scale=0.28,0.16,0.41,center=0,0,0,size=0.39,1.21,0.33}	snaps=	comps=	ground=False/False	noclip=False
P	piece_Flask	Flask	Misc	Wood	sup=True	supWear=True	burn=True	hp=50	fireMod=Normal	roofWear=False	layer=10	cols=Box@10 Box@10	rb=0.15,0.06,0.21	cb=0.09,0.06,0.12@0,0,0.01	rbc=0,0,0	colDetail=collider{pos=0,0,0.01,scale=0.18,0.08,0.1,center=0,0,0,size=0.25,1.52,0.88} collider (1){pos=0,0,0.01,scale=0.23,0.04,0.1,center=0,0,0,size=0.25,1.52,0.88}	snaps=	comps=	ground=False/False	noclip=False
P	piece_FknHoneyJar	Large Local Honey	Misc	Wood	sup=False	supWear=True	burn=True	hp=10	fireMod=Normal	roofWear=True	layer=10	cols=Box@10	rb=0.21,0.28,0.21	cb=0.16,0.27,0.17@0,0,0	rbc=0,0,0	colDetail=collider{pos=0,0.01,0,scale=0.17,0.51,0.36,center=0,0,0,size=0.93,0.53,0.47}	snaps=	comps=	ground=False/False	noclip=False
P	piece_FknHoneyJarSM	Small Local Honey	Misc	Wood	sup=False	supWear=True	burn=True	hp=10	fireMod=Normal	roofWear=True	layer=10	cols=Box@10	rb=0.11,0.14,0.1	cb=0.07,0.13,0.07@0.04,0,0	rbc=0.04,-0.01,0	colDetail=collider{pos=0.43,0,0,scale=0.07,0.25,0.15,center=0,0,0,size=0.93,0.53,0.47}	snaps=	comps=	ground=False/False	noclip=False
P	piece_Hookah	Hookah	BuildingStonecutter	Wood	sup=False	supWear=True	burn=True	hp=10	fireMod=Normal	roofWear=True	layer=10	cols=Box@10	rb=0.23,0.3,0.19	cb=0.09,0.26,0.09@0,0,0.04	rbc=-0.01,0,0.04	colDetail=collider{pos=0,0,0.06,scale=0.24,0.22,0.26,center=0,0,0,size=0.39,1.21,0.33}	snaps=	comps=	ground=False/False	noclip=False
P	piece_Bread1	Bread I	Misc	Wood	sup=True	supWear=True	burn=True	hp=10	fireMod=Normal	roofWear=False	layer=10	cols=Box@10	rb=0.15,0.12,0.37	cb=0.07,0.1,0.28@0,0.13,2.23	rbc=0,0.14,2.23	colDetail=collider{pos=0,0.67,11.13,scale=0.07,0.1,0.28,center=0,0,0,size=1,1,1}	snaps=	comps=	ground=False/False	noclip=False
P	piece_Bread2	Bread II	Misc	Wood	sup=True	supWear=True	burn=True	hp=10	fireMod=Normal	roofWear=False	layer=10	cols=Box@10 Box@10 Box@10	rb=0.24,0.1,0.24	cb=0.24,0.09,0.24@0,0.05,0	rbc=0,0.05,0	colDetail=collider{pos=0,0.14,0,scale=0.32,0.08,0.34,center=0,0,0,size=0.5,0.5,0.5} collider (1){pos=0,0.32,0,scale=0.26,0.04,0.28,center=0,0,0,size=0.5,0.5,0.5} collider (2){pos=0,0.42,0,scale=0.18,0.04,0.19,center=0,0,0,size=0.5,0.5,0.5}	snaps=	comps=	ground=False/False	noclip=False
P	piece_ToastedButter	Buttered Toast	Misc	Wood	sup=True	supWear=True	burn=True	hp=10	fireMod=Normal	roofWear=False	layer=10	cols=Box@10	rb=0.19,0.03,0.18	cb=0.16,0.02,0.17@0,0,0	rbc=0,0,0.01	colDetail=collider{pos=0,0,0,scale=0.17,0.04,0.36,center=0,0,0,size=0.93,0.53,0.47}	snaps=	comps=	ground=False/False	noclip=False
P	piece_ToastSammich	Toasted Sammich	Misc	Wood	sup=True	supWear=True	burn=True	hp=10	fireMod=Normal	roofWear=False	layer=10	cols=Box@10	rb=0.18,0.05,0.17	cb=0.15,0.05,0.17@0.03,0.1,0.04	rbc=0.03,0.09,0.04	colDetail=collider{pos=0.03,0.1,0.04,scale=0.17,0.09,0.36,center=0,0,0,size=0.93,0.53,0.47}	snaps=	comps=	ground=False/False	noclip=False
P	piece_ToastedSammichHalf	Half Toasted Sammich	Misc	Wood	sup=True	supWear=True	burn=True	hp=10	fireMod=Normal	roofWear=False	layer=10	cols=Box@10	rb=0.18,0.05,0.17	cb=0.13,0.05,0.14@0,0.03,0.02	rbc=0.01,0.03,0.01	colDetail=collider{pos=0,0.03,0.02,scale=0.06,0.09,0.29,center=0,0,0,size=0.93,0.53,0.47}	snaps=	comps=	ground=False/False	noclip=False
P	piece_ToastedToast	Plain AF Toast	Misc	Wood	sup=True	supWear=True	burn=True	hp=10	fireMod=Normal	roofWear=False	layer=10	cols=Box@10	rb=0.17,0.02,0.17	cb=0.16,0.02,0.17@0,0,0	rbc=0.01,0,0	colDetail=collider{pos=0,0,0,scale=0.17,0.04,0.37,center=0,0,0,size=0.93,0.53,0.47}	snaps=	comps=	ground=False/False	noclip=False
P	piece_ToastWhite	White Bread	Misc	Wood	sup=True	supWear=True	burn=True	hp=50	fireMod=Normal	roofWear=False	layer=10	cols=Box@10	rb=0.18,0.03,0.18	cb=0.16,0.02,0.18@0,0,0	rbc=0,0,0	colDetail=collider{pos=0,0,0,scale=0.17,0.04,0.38,center=0,0,0,size=0.93,0.53,0.47}	snaps=	comps=	ground=False/False	noclip=False
P	piece_CarrotPie	Black Forest Carrot Pie Slice	Misc	Wood	sup=True	supWear=True	burn=True	hp=10	fireMod=Normal	roofWear=False	layer=10	cols=Box@10 Box@10	rb=0.11,0.07,0.15	cb=0.07,0.06,0.13@-0.01,0.03,-0.01	rbc=0,0.03,-0.01	colDetail=collider{pos=0,0.08,-0.04,scale=0.07,0.06,0.23,center=0,0,0,size=0.5,0.5,0.5} collider (1){pos=-0.04,0.21,-0.3,scale=0.07,0.06,0.14,center=0,0,0,size=0.5,0.5,0.5}	snaps=	comps=	ground=False/False	noclip=False
P	piece_ChickenPie	Chickenboo Pot Pie	Misc	Wood	sup=True	supWear=True	burn=True	hp=10	fireMod=Normal	roofWear=False	layer=10	cols=Box@10	rb=0.6,0.13,0.61	cb=0.47,0.1,0.57@-0.01,0.08,0.01	rbc=0,0.09,0	colDetail=collider{pos=-0.05,0.38,0.07,scale=0.93,0.2,1.13,center=0,0,0,size=0.5,0.5,0.5}	snaps=	comps=	ground=False/False	noclip=False
P	piece_ChocoTart	Chocolate Tart	Misc	Wood	sup=True	supWear=True	burn=True	hp=10	fireMod=Normal	roofWear=False	layer=10	cols=Box@10	rb=0.49,0.34,0.49	cb=0.4,0.05,0.38@0.01,0.03,0.01	rbc=-0.01,0.04,0.03	colDetail=collider{pos=0.04,0.16,0.07,scale=0.81,0.1,0.77,center=0,0,0,size=0.5,0.5,0.5}	snaps=	comps=	ground=False/False	noclip=False
P	piece_FreedomPie	Freedom Pie	Misc	Wood	sup=True	supWear=True	burn=True	hp=10	fireMod=Normal	roofWear=False	layer=10	cols=Box@10	rb=0.33,0.07,0.33	cb=0.25,0.06,0.26@0,0.02,0	rbc=0,0.02,0	colDetail=collider{pos=0.02,0.12,0,scale=0.49,0.12,0.53,center=0,0,0,size=0.5,0.5,0.5}	snaps=	comps=	ground=False/False	noclip=False
P	piece_FruitTart	Fruit Tart	Misc	Wood	sup=True	supWear=True	burn=True	hp=10	fireMod=Normal	roofWear=False	layer=10	cols=Box@10	rb=0.23,0.08,0.24	cb=0.18,0.05,0.2@0.02,0.03,0	rbc=0.02,0.04,0	colDetail=collider{pos=0.09,0.14,0,scale=0.37,0.1,0.39,center=0,0,0,size=0.5,0.5,0.5}	snaps=	comps=	ground=False/False	noclip=False
P	piece_GuckMinis	Guck Minis	Misc	Wood	sup=True	supWear=True	burn=True	hp=10	fireMod=Normal	roofWear=False	layer=10	cols=Box@10 Box@10	rb=0.23,0.07,0.25	cb=0.21,0.03,0.23@0.05,0.02,0.06	rbc=0.05,0.03,0.06	colDetail=collider{pos=0,0.08,0.01,scale=0.23,0.07,0.23,center=0,0,0,size=0.5,0.5,0.5} Pumpkin_Pie_(3December2020_Day_8)/collider (2){pos=539.96,85.66,649.47,scale=0.23,0.07,0.23,center=0,0,0,size=0.5,0.5,0.5}	snaps=	comps=	ground=False/False	noclip=False
P	piece_LemonMeringuePie	Tangy Meringue Pie	Misc	Wood	sup=True	supWear=True	burn=True	hp=10	fireMod=Normal	roofWear=False	layer=10	cols=Box@10 Box@10 Box@10	rb=0.46,0.45,0.5	cb=0.4,0.16,0.38@-0.02,0.1,0.03	rbc=-0.01,0.08,0.04	colDetail=collider{pos=-0.11,0.22,0.13,scale=0.81,0.1,0.77,center=0,0,0,size=0.5,0.5,0.5} collider (1){pos=-0.11,0.42,0.19,scale=0.6,0.2,0.57,center=0,0,0,size=0.5,0.5,0.5} collider (2){pos=-0.11,0.77,0.19,scale=0.29,0.1,0.28,center=0,0,0,size=0.5,0.5,0.5}	snaps=	comps=	ground=False/False	noclip=False
P	piece_HoneyPaver	Stone Comb Paver	BuildingWorkbench	Wood	sup=True	supWear=True	burn=True	hp=400	fireMod=Normal	roofWear=True	layer=10	cols=Box@10 Box@10 Box@10	rb=1.06,0.09,1.04	cb=0.83,0.1,1.01@0.52,0.04,0.53	rbc=0.53,0.04,0.52	colDetail=collider{pos=0.25,0.05,0.81,scale=0.29,0.07,0.45,center=0,0,0,size=1,1.3,1} collider (1){pos=0.25,0.02,0.26,scale=0.26,0.04,0.48,center=0,0,0,size=1,1.3,1} collider (2){pos=0.8,0.03,0.51,scale=0.28,0.05,0.47,center=0,0,0,size=1,1.3,1}	snaps=	comps=	ground=False/False	noclip=False
P	piece_HoneyPaverSand	Sandstone Comb Paver	BuildingWorkbench	Stone	sup=True	supWear=True	burn=True	hp=1500	fireMod=Resistant	roofWear=True	layer=10	cols=Box@10 Box@10 Box@10	rb=1.06,0.09,1.04	cb=0.83,0.1,1.01@0.52,0.04,0.53	rbc=0.53,0.04,0.52	colDetail=collider{pos=0.25,0.05,0.81,scale=0.29,0.07,0.45,center=0,0,0,size=1,1.3,1} collider (1){pos=0.25,0.02,0.26,scale=0.26,0.04,0.48,center=0,0,0,size=1,1.3,1} collider (2){pos=0.8,0.03,0.51,scale=0.28,0.05,0.47,center=0,0,0,size=1,1.3,1}	snaps=	comps=	ground=False/False	noclip=False
P	piece_Ladder	Rickety Ladder	BuildingWorkbench	Wood	sup=True	supWear=False	burn=True	hp=400	fireMod=Normal	roofWear=False	layer=10	cols=Box@10	rb=1.06,4.17,0.18	cb=0.87,4.06,0.09@0.06,2,1.38	rbc=0.07,2.14,1.4	colDetail=collider{pos=0.49,2,1.38,scale=1.01,0.87,0.09,center=0,0.5,0,size=4,1,1}	snaps=	comps=	ground=False/False	noclip=False
P	piece_LadderClimb	Miofellian Ladder	BuildingWorkbench	Wood	sup=True	supWear=False	burn=True	hp=400	fireMod=Normal	roofWear=False	layer=10	cols=Box@16	rb=0.93,4.28,0.63	cb=0.82,4.11,0.63@0.08,2.25,1.18	rbc=0.09,2.24,1.19	colDetail=ladder{pos=0.07,0.12,0.97,scale=1.28,1.41,1.26,center=0,1.51,0,size=0.62,2.9,0.19}	snaps=	comps=Ladder	ground=False/False	noclip=False
P	piece_RopeBridge1x4	Suspension Bridge 1x4	BuildingWorkbench	Iron	sup=True	supWear=True	burn=True	hp=2000	fireMod=Normal	roofWear=False	layer=10	cols=Box@10 Box@10 Box@10 Box@10 Box@10	rb=8.55,2.45,3.38	cb=8.61,2.14,3@0.02,0.33,-1.45	rbc=0.01,0.7,-1.52	colDetail=collider{pos=0.17,-0.28,-1.4,scale=0.17,4.12,2.05,center=0,0,0,size=1,1,1} collider (1){pos=-2.24,-0.2,-1.5,scale=0.18,4.08,2.05,center=0,0,0,size=1,1,1} collider (2){pos=2.29,-0.19,-1.57,scale=0.18,4.08,2.05,center=0,0,0,size=1,1,1} collider (3){pos=0.02,1.02,-0.19,scale=0.21,8.38,1.03,center=0,0,0,size=1,1,1} collider (4){pos=0,1.09,-2.71,scale=0.21,8.4,1.03,center=0,0,0,size=1,1,1}	snaps=-4.21,0.43,-0.56 -4.14,0.41,-2.61 4.26,0.4,-2.61 4.18,0.43,-0.56	comps=	ground=False/False	noclip=False
P	piece_RopeBridge1x4J	Suspension Bridge 1x4J	BuildingWorkbench	Iron	sup=True	supWear=True	burn=True	hp=2000	fireMod=Normal	roofWear=False	layer=10	cols=Box@10 Box@10 Box@10 Box@10 Box@10	rb=8.7,3.43,3.73	cb=8.61,2.14,3@0.02,0.33,-1.45	rbc=-0.01,0.21,-1.47	colDetail=collider (5){pos=0.17,-0.28,-1.4,scale=0.17,4.12,2.05,center=0,0,0,size=1,1,1} collider (6){pos=2.29,-0.19,-1.57,scale=0.18,4.08,2.05,center=0,0,0,size=1,1,1} collider (7){pos=-2.24,-0.2,-1.5,scale=0.18,4.08,2.05,center=0,0,0,size=1,1,1} collider (8){pos=0.02,1.02,-0.19,scale=0.21,8.38,1.03,center=0,0,0,size=1,1,1} collider (9){pos=0,1.09,-2.71,scale=0.21,8.4,1.03,center=0,0,0,size=1,1,1}	snaps=-4.21,0.43,-0.56 -4.14,0.41,-2.61 4.26,0.4,-2.61 4.18,0.43,-0.56	comps=	ground=False/False	noclip=False
P	piece_RopeBridge1x8	Suspension Bridge 1x8	BuildingWorkbench	Iron	sup=True	supWear=True	burn=True	hp=2000	fireMod=Normal	roofWear=False	layer=10	cols=Box@10 Box@10 Box@10 Box@10 Box@10	rb=17.48,2.45,3.38	cb=17.43,2.27,3@12.91,0.22,-1.45	rbc=12.97,0.7,-1.52	colDetail=collider{pos=13.3,-0.52,-1.51,scale=0.17,8.43,2.05,center=0,0,0,size=1,1,1} collider (1){pos=8.53,-0.23,-1.5,scale=0.17,8.4,2.05,center=0,0,0,size=1,1,1} collider (2){pos=17.45,-0.22,-1.57,scale=0.17,8.4,2.05,center=0,0,0,size=1,1,1} collider (3){pos=12.98,0.98,-0.19,scale=0.21,17.27,1.01,center=0,0,0,size=1,1,1} collider (4){pos=12.89,1.05,-2.71,scale=0.21,17.4,1.01,center=0,0,0,size=1,1,1}	snaps=21.61,0.38,-0.55 21.61,0.38,-2.6 4.37,0.42,-0.53 4.38,0.36,-2.58	comps=	ground=False/False	noclip=False
P	piece_RopeBridge1x8J	Suspension Bridge 1x8J	BuildingWorkbench	Iron	sup=True	supWear=True	burn=True	hp=2000	fireMod=Normal	roofWear=False	layer=10	cols=Box@10 Box@10 Box@10 Box@10 Box@10	rb=17.69,3.5,3.72	cb=17.18,2.61,3@13.08,0.09,-1.45	rbc=13.04,0.25,-1.52	colDetail=collider (9){pos=13.03,1.09,-2.71,scale=0.21,17.06,1.03,center=0,0,0,size=1,1,1} collider (8){pos=13.07,1.02,-0.19,scale=0.21,17.02,1.03,center=0,0,0,size=1,1,1} collider (7){pos=17.68,-0.19,-1.57,scale=0.19,8.09,2.06,center=0,0,0,size=1,1,1} collider (6){pos=8.47,-0.2,-1.5,scale=0.19,8.09,2.06,center=0,0,0,size=1,1,1} collider (5){pos=13.38,-0.28,-1.4,scale=0.17,8.38,2.05,center=0,0,0,size=1,1,1}	snaps=21.53,0.43,-0.56 21.68,0.4,-2.61 4.47,0.43,-0.56 4.62,0.41,-2.61	comps=	ground=False/False	noclip=False
P	piece_RopeBridge1x12	Suspension Bridge 1x12	BuildingWorkbench	Iron	sup=True	supWear=False	burn=True	hp=2000	fireMod=Normal	roofWear=False	layer=10	cols=Box@10 Box@10 Box@10 Box@10 Box@10	rb=34.16,2.45,3.38	cb=34.07,2.4,3.05@21.36,0.3,-1.56	rbc=21.35,0.7,-1.52	colDetail=collider{pos=21.99,-0.49,-1.51,scale=0.17,22.92,2.05,center=0,0,0,size=1,1,1} collider (1){pos=11.23,-0.2,-1.53,scale=0.17,13.02,2.05,center=0,0,0,size=1,1,1} collider (2){pos=31.06,-0.18,-1.57,scale=0.17,14.17,2.05,center=0,0,0,size=1,1,1} collider (3){pos=21.44,1.06,-0.3,scale=0.21,33.9,1.19,center=0,0,0,size=1,1,1} collider (4){pos=21.32,1.13,-2.82,scale=0.21,34,1.19,center=0,0,0,size=1,1,1}	snaps=38.14,0.3,-0.54 38.14,0.3,-2.6 4.75,0.37,-0.5 4.75,0.37,-2.56	comps=	ground=False/False	noclip=False
P	piece_RopeBridge1x12J	Suspension Bridge 1x12J	BuildingWorkbench	Iron	sup=True	supWear=False	burn=True	hp=2000	fireMod=Normal	roofWear=False	layer=10	cols=Box@10 Box@10 Box@10 Box@10 Box@10	rb=34.55,4.6,3.65	cb=34.07,2.4,3.05@21.36,0.3,-1.56	rbc=21.56,-0.14,-1.51	colDetail=collider (5){pos=11.23,-0.2,-1.53,scale=0.17,13.02,2.05,center=0,0,0,size=1,1,1} collider (6){pos=31.06,-0.18,-1.57,scale=0.17,14.17,2.05,center=0,0,0,size=1,1,1} collider (7){pos=21.32,1.13,-2.82,scale=0.21,34,1.19,center=0,0,0,size=1,1,1} collider (8){pos=21.99,-0.49,-1.51,scale=0.17,22.92,2.05,center=0,0,0,size=1,1,1} collider (9){pos=21.44,1.06,-0.3,scale=0.21,33.9,1.19,center=0,0,0,size=1,1,1}	snaps=38.14,0.3,-0.54 4.75,0.37,-0.5 38.14,0.3,-2.6 4.75,0.37,-2.56	comps=	ground=False/False	noclip=False
P	piece_RopeBridge2x4	Suspension Bridge 2x4	BuildingWorkbench	Iron	sup=True	supWear=False	burn=True	hp=2000	fireMod=Normal	roofWear=False	layer=10	cols=Box@10 Box@10 Box@10 Box@10 Box@10	rb=8.55,2.45,6.76	cb=8.51,2.45,5.77@0.01,0.44,-3.09	rbc=0.01,0.7,-3.03	colDetail=collider{pos=0.17,-0.42,-1.51,scale=0.17,4.12,4.11,center=0,0,0,size=1,1,1} collider (1){pos=-2.19,-0.22,-1.51,scale=0.18,4.07,4.11,center=0,0,0,size=1,1,1} collider (2){pos=2.21,-0.22,-1.57,scale=0.18,4.08,4.11,center=0,0,0,size=1,1,1} collider (3){pos=0.02,1.19,-0.28,scale=0.41,8.48,1.24,center=0,0,0,size=1,1,1} collider (4){pos=0.01,1.26,-2.8,scale=0.41,8.51,1.24,center=0,0,0,size=1,1,1}	snaps=4.21,0.24,-1.09 4.21,0.24,-5.19 -4.13,0.4,-0.96 -4.13,0.4,-5.06	comps=	ground=False/False	noclip=False
P	piece_RopeBridge2x8	Suspension Bridge 2x8	BuildingWorkbench	Iron	sup=True	supWear=False	burn=True	hp=2000	fireMod=Normal	roofWear=False	layer=10	cols=Box@10 Box@10 Box@10 Box@10 Box@10	rb=17.48,2.45,6.76	cb=17.42,2.6,5.81@12.98,0.4,-3.08	rbc=12.97,0.7,-3.03	colDetail=collider{pos=13.3,-0.52,-1.51,scale=0.17,8.43,4.11,center=0,0,0,size=1,1,1} collider (1){pos=8.63,-0.25,-1.51,scale=0.17,8.4,4.11,center=0,0,0,size=1,1,1} collider (2){pos=17.4,-0.23,-1.58,scale=0.17,8.4,4.11,center=0,0,0,size=1,1,1} collider (3){pos=13.02,1.17,-0.28,scale=0.41,17.35,1.36,center=0,0,0,size=1,1,1} collider (4){pos=12.97,1.24,-2.8,scale=0.41,17.4,1.36,center=0,0,0,size=1,1,1}	snaps=21.59,0.2,-1.11 21.59,0.2,-5.21 4.47,0.37,-0.97 4.47,0.37,-5.07	comps=	ground=False/False	noclip=False
P	piece_RopeBridge2x12	Suspension Bridge 2x12	BuildingWorkbench	Iron	sup=True	supWear=False	burn=True	hp=2000	fireMod=Normal	roofWear=False	layer=10	cols=Box@10 Box@10 Box@10 Box@10 Box@10	rb=34.16,2.45,6.76	cb=34,2.63,5.79@21.35,0.4,-3.1	rbc=21.35,0.7,-3.03	colDetail=collider{pos=21.99,-0.49,-1.51,scale=0.17,22.92,4.11,center=0,0,0,size=1,1,1} collider (1){pos=11.14,-0.19,-1.54,scale=0.17,13.02,4.11,center=0,0,0,size=1,1,1} collider (2){pos=31.12,-0.3,-1.57,scale=0.17,14.18,4.11,center=0,0,0,size=1,1,1} collider (3){pos=21.36,1.23,-0.29,scale=0.41,33.9,1.28,center=0,0,0,size=1,1,1} collider (4){pos=21.35,1.3,-2.81,scale=0.41,34,1.28,center=0,0,0,size=1,1,1}	snaps=38.1,0.3,-1.09 38.1,0.3,-5.19 4.66,0.38,-1.03 4.66,0.38,-5.13	comps=	ground=False/False	noclip=False
P	piece_RunicColumn	Runic Column	BuildingWorkbench	Stone	sup=True	supWear=True	burn=True	hp=1500	fireMod=Resistant	roofWear=True	layer=10	cols=Box@10	rb=0.99,4.02,1.01	cb=0.99,4.03,0.99@0,1.49,0.01	rbc=0,1.49,-0.01	colDetail=collider{pos=0.5,1.49,0.01,scale=1.01,0.99,0.99,center=0,0.5,0,size=4,1,1}	snaps=-0.49,3.51,0.51 -0.49,3.51,-0.48 0.5,3.51,0.51 0.5,3.51,-0.48 -0.49,-0.53,0.51 -0.49,-0.53,-0.48 0.5,-0.53,0.51 0.5,-0.53,-0.48	comps=	ground=False/False	noclip=False
P	piece_SandBrickWall	Sandstone Brick Wall	BuildingWorkbench	Stone	sup=True	supWear=True	burn=True	hp=1500	fireMod=Resistant	roofWear=True	layer=10	cols=Box@10 Box@10	rb=2.05,2.1,0.34	cb=2,2.06,0.3@0,1.02,0	rbc=0.01,1.05,0	colDetail=piece_SandBrickWall(Clone){pos=0,0,0,scale=1,1,1,center=0,1.02,0,size=2,2.06,0.3} GameObject{pos=0,0,0,scale=1,1,1,center=0,1.02,0,size=2,2.06,0.3}	snaps=1,2.05,0 1,-0.01,0 -1,2.05,0 -1,-0.01,0	comps=	ground=False/False	noclip=False
P	piece_SandBrickWallThic	Thic Sandstone Brick Wall	BuildingWorkbench	Stone	sup=True	supWear=True	burn=True	hp=1500	fireMod=Resistant	roofWear=True	layer=10	cols=Box@10 Box@10	rb=2.05,2.1,0.85	cb=2,2.06,0.67@0,1.02,0	rbc=0.01,1.05,0.01	colDetail=piece_SandBrickWallThic(Clone){pos=0,0,0,scale=1,1,1,center=0,1.02,0,size=2,2.06,0.3} GameObject{pos=0,0,0,scale=1,1,2.22,center=0,1.02,0,size=2,2.06,0.3}	snaps=1,2.05,0.33 1,2.05,-0.33 1,-0.01,0.33 1,-0.01,-0.33 -1,2.05,0.33 -1,2.05,-0.33 -1,-0.01,0.33 -1,-0.01,-0.33	comps=	ground=False/False	noclip=False
P	piece_SandStoneFloor	Sandstone Floor	BuildingWorkbench	Stone	sup=True	supWear=True	burn=True	hp=1500	fireMod=Resistant	roofWear=True	layer=10	cols=Box@10	rb=2.1,0.56,2.1	cb=2,0.49,2@0,-0.17,0	rbc=0,-0.17,0	colDetail=collider (1){pos=0,-0.18,0,scale=2,0.38,2,center=0,0.05,0,size=1,1.3,1}	snaps=-1,-0.43,-1 -1,-0.43,1 -1,0.08,1 1,0.08,-1 1,-0.43,1 1,0.08,1 -1,0.08,-1 1,-0.43,-1	comps=	ground=False/False	noclip=False
P	pieces_SandstoneStairs	Sandstone Stairs	BuildingWorkbench	Stone	sup=True	supWear=True	burn=True	hp=1500	fireMod=Resistant	roofWear=True	layer=10	cols=Mesh@10	rb=2.04,1,2	cb=1.97,1.06,1.98@0,50.53,-0.01	rbc=0,0.5,0	colDetail=	snaps=-1,1,-1 1,1,-1 -1,0,1 1,0,1 -1,0,-1 1,0,-1	comps=	ground=False/False	noclip=False
P	piece_StoneBrickWall	Stone Brick Wall	BuildingWorkbench	Stone	sup=True	supWear=True	burn=True	hp=1500	fireMod=Resistant	roofWear=True	layer=10	cols=Box@10	rb=2.05,2.1,0.34	cb=2,2,0.3@0,0,0	rbc=0.01,-0.03,0	colDetail=piece_StoneBrickWall(Clone){pos=0,0,0,scale=1,1,1,center=0,0,0,size=2,2,0.3}	snaps=1,1,0 1,-1,0 -1,1,0 -1,-1,0	comps=	ground=False/False	noclip=False
P	piece_StoneBrickWallThic	Thic Stone Brick Wall	BuildingWorkbench	Stone	sup=True	supWear=True	burn=True	hp=1500	fireMod=Resistant	roofWear=True	layer=10	cols=Box@10 Box@10	rb=2.05,2.1,0.85	cb=2,2.06,0.67@0,1.02,0	rbc=0.01,1.05,0.01	colDetail=piece_StoneBrickWallThic(Clone){pos=0,0,0,scale=1,1,1,center=0,1.02,0,size=2,2.06,0.3} GameObject{pos=0,0,0,scale=1,1,2.22,center=0,1.02,0,size=2,2.06,0.3}	snaps=1,2.05,0.33 1,2.05,-0.33 1,-0.01,0.33 1,-0.01,-0.33 -1,2.05,0.33 -1,2.05,-0.33 -1,-0.01,0.33 -1,-0.01,-0.33	comps=	ground=False/False	noclip=False
P	piece_SmoothStoneWall	Smooth Stone Wall	BuildingWorkbench	Stone	sup=True	supWear=True	burn=True	hp=1500	fireMod=Resistant	roofWear=True	layer=10	cols=Box@10 Box@10	rb=2.05,2.13,0.39	cb=2,2.06,0.3@0,1.02,0	rbc=0,1.07,0	colDetail=piece_SmoothStoneWall(Clone){pos=0,0,0,scale=1,1,1,center=0,1.02,0,size=2,2.06,0.3} GameObject{pos=0,0,0,scale=1,1,1,center=0,1.02,0,size=2,2.06,0.3}	snaps=1,2.05,0 1,-0.01,0 -1,2.05,0 -1,-0.01,0	comps=	ground=False/False	noclip=False
P	piece_SmtStoneBlock	Smooth Stone Block	BuildingWorkbench	Stone	sup=True	supWear=True	burn=True	hp=1500	fireMod=Resistant	roofWear=True	layer=10	cols=Box@10 Box@Default	rb=1.03,1.08,1.04	cb=1,1,1@0,0,0	rbc=0,0.01,0	colDetail=piece_SmtStoneBlock(Clone){pos=0,0,0,scale=1,1,1,center=0,0,0,size=1,1,1} GameObject{pos=0,0,0,scale=1,1,1,center=0,0,0,size=1,1,1}	snaps=-0.5,-0.5,-0.5 -0.5,-0.5,0.5 -0.5,0.5,-0.5 -0.5,0.5,0.5 0.5,-0.5,-0.5 0.5,-0.5,0.5 0.5,0.5,-0.5 0.5,0.5,0.5	comps=	ground=False/False	noclip=False
P	piece_SmtStoneBlock2	Smooth Stone Block II	BuildingWorkbench	Stone	sup=True	supWear=True	burn=True	hp=1500	fireMod=Resistant	roofWear=True	layer=10	cols=Box@10	rb=2.12,1.11,1.07	cb=2,1,1@0.46,-0.01,0	rbc=0.47,0.01,0	colDetail=piece_SmtStoneBlock2(Clone){pos=0,0,0,scale=1,1,1,center=0.46,-0.01,0,size=2,1,1}	snaps=-0.54,-0.5,-0.5 -0.54,-0.5,0.5 -0.54,0.5,-0.5 -0.54,0.5,0.5 1.46,-0.5,-0.5 1.46,-0.5,0.5 1.46,0.5,-0.5 1.46,0.5,0.5	comps=	ground=False/False	noclip=False
P	piece_SmtStoneBlock3	Smooth Stone Block III	BuildingWorkbench	Stone	sup=True	supWear=True	burn=True	hp=1500	fireMod=Resistant	roofWear=True	layer=10	cols=Box@10 Box@Default	rb=3.15,2.07,1.06	cb=3.03,1.9,1.03@0.28,0.45,0	rbc=0.27,0.49,0	colDetail=piece_SmtStoneBlock3(Clone){pos=0,0,0,scale=1,1,1,center=0,0,0,size=1,1,1} GameObject{pos=0.28,0.46,0,scale=3.03,1.89,1.03,center=0,0,0,size=1,1,1}	snaps=1.8,1.42,0.52 1.8,1.42,-0.52 1.8,-0.47,0.52 1.8,-0.47,-0.52 -1.23,1.42,0.52 -1.23,1.42,-0.52 -1.23,-0.47,0.52 -1.23,-0.47,-0.52	comps=	ground=False/False	noclip=False
P	piece_SmtStoneBlock4	Smooth Stone Block V	BuildingWorkbench	Stone	sup=True	supWear=True	burn=True	hp=1500	fireMod=Resistant	roofWear=True	layer=10	cols=Box@10 Box@10	rb=4.12,2.17,1.05	cb=4,2,1@0.25,0.46,0	rbc=0.25,0.49,0	colDetail=piece_SmtStoneBlock4(Clone){pos=0,0,0,scale=1,1,1,center=0.25,-0.04,0,size=4,1,1} collider{pos=0.25,0.46,0,scale=1,1,1,center=0,0.5,0,size=4,1,1}	snaps=-1.75,-0.54,-0.5 -1.75,-0.54,0.5 -1.75,1.46,-0.5 -1.75,1.46,0.5 2.25,-0.54,-0.5 2.25,-0.54,0.5 2.25,1.46,-0.5 2.25,1.46,0.5	comps=	ground=False/False	noclip=False
P	piece_SmtStoneColumn	Smooth Stone Column	BuildingWorkbench	Stone	sup=True	supWear=True	burn=True	hp=1500	fireMod=Resistant	roofWear=True	layer=10	cols=Box@Default	rb=0.95,4.44,0.79	cb=0.51,4.43,0.51@0,2.22,0.01	rbc=0,2.22,0	colDetail=GameObject{pos=0,2.22,0.01,scale=0.51,4.26,0.51,center=0,0,0,size=1,1.04,1}	snaps=0,0.04,0 0,4.3,0 -0.25,0.01,-0.25 -0.25,0.01,0.27 -0.25,4.44,-0.25 0.26,0.01,-0.25 0.26,0.01,0.27 0.26,4.44,-0.25 0.26,4.44,0.27 -0.25,4.44,0.27	comps=	ground=False/False	noclip=False
P	piece_SmtStoneColumnThic	Smooth Stone Column Thic	BuildingWorkbench	Stone	sup=True	supWear=True	burn=True	hp=1500	fireMod=Resistant	roofWear=True	layer=10	cols=Box@Default	rb=1.28,6.33,1.23	cb=1,6.28,1@0,3.19,0	rbc=0,3.17,0	colDetail=GameObject (1){pos=0,3.19,0,scale=1,6.28,1,center=0,0,0,size=1,1,1}	snaps=0.05,6.33,0.05 0.1,0.05,0.1 -0.5,0.05,0.5 -0.5,6.33,-0.5 -0.5,6.33,0.5 0.5,0.05,-0.5 0.5,6.33,0.5 -0.5,0.05,-0.5 0.5,0.05,0.5 0.5,6.33,-0.5	comps=	ground=False/False	noclip=False
P	piece_SmtStoneFloor	Smooth Stone Floor	BuildingWorkbench	Stone	sup=True	supWear=True	burn=True	hp=1500	fireMod=Resistant	roofWear=True	layer=10	cols=Box@10	rb=2.1,0.56,2.1	cb=2,0.49,2@0,-0.12,0	rbc=0,-0.12,0	colDetail=collider{pos=0,-0.14,0,scale=2,0.38,2,center=0,0.05,0,size=1,1.3,1}	snaps=-1,-0.39,-1 -1,0.13,-1 -1,-0.39,1 -1,0.13,1 1,-0.39,-1 1,0.13,-1 1,-0.39,1 1,0.13,1	comps=	ground=False/False	noclip=False
P	piece_SmtStoneFloorSlab	Smooth Stone Slab	BuildingWorkbench	Stone	sup=True	supWear=True	burn=True	hp=1500	fireMod=Resistant	roofWear=True	layer=10	cols=Box@10	rb=4.21,0.56,4.21	cb=4,0.49,4@-0.93,-0.12,1.01	rbc=-0.93,-0.12,1.01	colDetail=collider{pos=-0.93,-0.14,1.01,scale=4,0.38,4,center=0,0.05,0,size=1,1.3,1}	snaps=-2.93,-0.39,-0.99 -2.93,-0.39,3.01 -2.93,0.13,3.01 1.07,0.13,-0.99 1.07,-0.39,3.01 1.07,0.13,3.01 -2.93,0.13,-0.99 1.07,-0.39,-0.99	comps=	ground=False/False	noclip=False
P	pieces_SmoothStoneStairs	Smooth Stone Stairs	BuildingWorkbench	Stone	sup=True	supWear=True	burn=True	hp=1500	fireMod=Resistant	roofWear=True	layer=10	cols=Mesh@10	rb=2.04,1,2	cb=1.97,1.06,1.98@0,50.53,-0.01	rbc=0,0.5,0	colDetail=	snaps=-1,1,-1 1,1,-1 -1,0,1 1,0,1 -1,0,-1 1,0,-1	comps=	ground=False/False	noclip=False
P	piece_SprialStairs	Wooden Spiral Staircase	BuildingWorkbench	Wood	sup=True	supWear=False	burn=True	hp=1111	fireMod=Normal	roofWear=False	layer=10	cols=Box@10 Box@10 Box@10 Box@10 Box@10 Box@10 Box@10 Box@10 Box@10 Box@10 Box@10 Box@10 Box@10 Box@10 Box@10 Box@10 Box@10 Box@10 Box@10 Box@10 Box@10 Box@10 Box@10 Box@10 Box@10 Box@10 Box@10 Box@10 Box@10 Box@10 Box@10 Box@10 Box@10 Box@10 Box@10 Box@10 Box@10 Box@10 Box*@14 Box*@14 Box*@14 Box*@14 Box*@14 Box*@14 Box*@14 Box*@14 Box*@14 Box*@14 Box*@14 Box*@14 Box*@14 Box*@14 Box*@14 Box*@14 Box*@14	rb=4.8,5.77,3.35	cb=4.84,5.83,3.34@-0.03,2.42,0.63	rbc=-0.01,2.45,0.59	colDetail=MTHRFNKSTPS{pos=1.36,-0.29,0.01,scale=2.26,0.16,0.58,center=0,0,0,size=1,1,1} MTHRFNKSTPS (1){pos=1.24,-0.43,-0.39,scale=1.95,0.16,0.58,center=0,0,0,size=1,1,1} MTHRFNKSTPS (2){pos=1.36,-0.02,0.5,scale=2.26,0.16,0.58,center=0,0,0,size=1,1,1} MTHRFNKSTPS (3){pos=1.23,0.26,0.73,scale=2.26,0.16,0.58,center=0,0,0,size=1,1,1} MTHRFNKSTPS (4){pos=0.99,0.54,0.91,scale=2.26,0.16,0.58,center=0,0,0,size=1,1,1} MTHRFNKSTPS (5){pos=0.74,0.81,1.03,scale=2.26,0.16,0.58,center=0,0,0,size=1,1,1} MTHRFNKSTPS (6){pos=0.56,1.09,1.23,scale=2.26,0.16,0.58,center=0,0,0,size=1,1,1} MTHRFNKSTPS (7){pos=0.26,1.37,1.21,scale=2.26,0.16,0.58,center=0,0,0,size=1,1,1} MTHRFNKSTPS (8){pos=-0.02,1.64,1.27,scale=2.26,0.16,0.58,center=0,0,0,size=1,1,1} MTHRFNKSTPS (9){pos=-0.24,1.92,1.17,scale=2.26,0.16,0.58,center=0,0,0,size=1,1,1} MTHRFNKSTPS (10){pos=-0.5,2.18,1.09,scale=2.26,0.16,0.58,center=0,0,0,size=1,1,1} MTHRFNKSTPS (11){pos=-0.78,2.47,1.04,scale=2.26,0.16,0.58,center=0,0,0,size=1,1,1} MTHRFNKSTPS (12){pos=-0.95,2.75,0.84,scale=2.26,0.16,0.58,center=0,0,0,size=1,1,1} MTHRFNKSTPS (13){pos=-1.1,3.02,0.68,scale=2.26,0.16,0.58,center=0,0,0,size=1,1,1} MTHRFNKSTPS (14){pos=-1.4,3.3,0.47,scale=2.26,0.16,0.58,center=0,0,0,size=1,1,1} MTHRFNKSTPS (15){pos=-1.43,3.58,0.18,scale=2.26,0.16,0.58,center=0,0,0,size=1,1,1} MTHRFNKSTPS (16){pos=-1.26,3.85,-0.08,scale=2.26,0.16,0.58,center=0,0,0,size=1,1,1} MTHRFNKRL (19){pos=2.46,0.29,0.12,scale=0.18,1.09,0.16,center=0,0,0,size=1,1,1} MTHRFNKRL (20){pos=2.39,0.53,0.58,scale=0.18,1.09,0.16,center=0,0,0,size=1,1,1} MTHRFNKRL (21){pos=2.23,0.81,1.04,scale=0.18,1.09,0.16,center=0,0,0,size=1,1,1} MTHRFNKRL (22){pos=1.96,1.08,1.43,scale=0.18,1.09,0.16,center=0,0,0,size=1,1,1} MTHRFNKRL (23){pos=1.61,1.41,1.81,scale=0.18,1.09,0.16,center=0,0,0,size=1,1,1} MTHRFNKRL (24){pos=1.17,1.64,2.07,scale=0.18,1.09,0.16,center=0,0,0,size=1,1,1} MTHRFNKRL (25){pos=0.68,1.95,2.25,scale=0.18,1.09,0.16,center=0,0,0,size=1,1,1} MTHRFNKRL (26){pos=0.15,2.22,2.28,scale=0.18,1.09,0.16,center=0,0,0,size=1,1,1} MTHRFNKRL (27){pos=-0.37,2.49,2.28,scale=0.18,1.09,0.16,center=0,0,0,size=1,1,1} MTHRFNKRL (28){pos=-0.88,2.77,2.18,scale=0.18,1.09,0.16,center=0,0,0,size=1,1,1} MTHRFNKRL (29){pos=-1.37,3.05,1.96,scale=0.18,1.09,0.16,center=0,0,0,size=1,1,1} MTHRFNKRL (30){pos=-1.76,3.31,1.66,scale=0.18,1.09,0.16,center=0,0,0,size=1,1,1} MTHRFNKRL (31){pos=-2.11,3.59,1.3,scale=0.18,1.09,0.16,center=0,0,0,size=1,1,1} MTHRFNKRL (32){pos=-2.32,3.87,0.86,scale=0.18,1.09,0.16,center=0,0,0,size=1,1,1} MTHRFNKRL (33){pos=-2.43,4.16,0.4,scale=0.18,1.09,0.16,center=0,0,0,size=1,1,1} MTHRFNKRL (34){pos=-2.43,4.42,-0.07,scale=0.18,1.09,0.16,center=0,0,0,size=1,1,1} MIDIK{pos=0.02,2.73,0.14,scale=0.65,5.75,0.6,center=0,0,0,size=1,1,1} Jushguochbigoleguoch{pos=0.04,5.86,0.14,scale=1.15,0.12,0.85,center=0,0,0,size=1,1,1} Jushguochbigoleguoch (1){pos=0.04,5.86,0.14,scale=1.32,0.12,0.85,center=0,0,0,size=1,1,1} Jushguochbigoleguoch (2){pos=0.04,5.86,0.14,scale=1.32,0.12,0.85,center=0,0,0,size=1,1,1} Jushguochbigoleguoch (3){pos=0.04,5.86,0.14,scale=1.32,0.12,0.85,center=0,0,0,size=1,1,1} jump_trigger{pos=1.22,-0.45,-0.48,scale=1.96,0.17,0.42,center=0,0,0,size=1,1,1} jump_trigger (1){pos=1.3,-0.3,-0.09,scale=1.96,0.17,0.42,center=0,0,0,size=1,1,1} jump_trigger (2){pos=1.3,-0.03,0.39,scale=1.96,0.17,0.42,center=0,0,0,size=1,1,1} jump_trigger (3){pos=1.3,0.25,0.67,scale=1.96,0.17,0.42,center=0,0,0,size=1,1,1} jump_trigger (4){pos=0.99,0.53,0.81,scale=1.96,0.17,0.42,center=0,0,0,size=1,1,1} jump_trigger (5){pos=0.99,0.81,1.17,scale=1.96,0.17,0.42,center=0,0,0,size=1,1,1} jump_trigger (6){pos=0.66,1.08,1.25,scale=1.96,0.17,0.42,center=0,0,0,size=1,1,1} jump_trigger (7){pos=0.3,1.36,1.07,scale=1.96,0.17,0.42,center=0,0,0,size=1,1,1} jump_trigger (8){pos=0.08,1.64,1.28,scale=1.96,0.17,0.42,center=0,0,0,size=1,1,1} jump_trigger (9){pos=-0.19,1.9,1.27,scale=1.96,0.17,0.42,center=0,0,0,size=1,1,1} jump_trigger (10){pos=-0.46,2.19,1.19,scale=1.96,0.17,0.42,center=0,0,0,size=1,1,1} jump_trigger (11){pos=-0.72,2.45,1.08,scale=1.96,0.17,0.42,center=0,0,0,size=1,1,1} jump_trigger (12){pos=-1.03,2.74,1.02,scale=1.96,0.17,0.42,center=0,0,0,size=1,1,1} jump_trigger (13){pos=-1.29,3.02,0.82,scale=1.96,0.17,0.42,center=0,0,0,size=1,1,1} jump_trigger (14){pos=-1.38,3.3,0.56,scale=1.96,0.17,0.42,center=0,0,0,size=1,1,1} jump_trigger (15){pos=-1.35,3.57,0.26,scale=1.96,0.17,0.42,center=0,0,0,size=1,1,1} jump_trigger (16){pos=-1.35,3.85,0.01,scale=1.96,0.17,0.42,center=0,0,0,size=1,1,1}	snaps=	comps=AutoJumpLedge	ground=False/False	noclip=False
P	piece_SpiralStairsSnaps	Wooden Spiral Staircase v2	BuildingWorkbench	Wood	sup=True	supWear=False	burn=True	hp=1111	fireMod=Normal	roofWear=False	layer=10	cols=Box@10 Box@10 Box@10 Box@10 Box@10 Box@10 Box@10 Box@10 Box@10 Box@10 Box@10 Box@10 Box@10 Box@10 Box@10 Box@10 Box@10 Box@10 Box@10 Box@10 Box@10 Box@10 Box@10 Box@10 Box@10 Box@10 Box@10 Box@10 Box@10 Box@10 Box@10 Box@10 Box@10 Box@10 Box@10 Box@10 Box@10 Box@10 Box@10 Box@Default Box*@14 Box*@14 Box*@14 Box*@14 Box*@14 Box*@14 Box*@14 Box*@14 Box*@14 Box*@14 Box*@14 Box*@14 Box*@14 Box*@14 Box*@14 Box*@14 Box*@14	rb=4.8,5.01,3.35	cb=4.84,5.03,3.34@-0.03,2.02,0.63	rbc=-0.01,2.04,0.59	colDetail=collider (3){pos=-0.79,3.88,-0.08,scale=2,0.1,0.45,center=0,-0.05,0,size=1,1.3,1} collider{pos=1.43,-0.41,0.16,scale=2,0.1,0.87,center=0,-0.05,0,size=1,1.3,1} collider (2){pos=-1.46,3.87,-0.11,scale=2,0.1,0.4,center=0,-0.05,0,size=1,1.3,1} GameObject/MTHRFNKSTPS{pos=1.36,-0.29,0.01,scale=2.26,0.16,0.58,center=0,0,0,size=1,1,1} GameObject/MTHRFNKSTPS (2){pos=1.36,-0.02,0.5,scale=2.26,0.16,0.58,center=0,0,0,size=1,1,1} GameObject/MTHRFNKSTPS (3){pos=1.23,0.26,0.73,scale=2.26,0.16,0.58,center=0,0,0,size=1,1,1} GameObject/MTHRFNKSTPS (4){pos=0.99,0.54,0.91,scale=2.26,0.16,0.58,center=0,0,0,size=1,1,1} GameObject/MTHRFNKSTPS (5){pos=0.74,0.81,1.03,scale=2.26,0.16,0.58,center=0,0,0,size=1,1,1} GameObject/MTHRFNKSTPS (6){pos=0.56,1.09,1.23,scale=2.26,0.16,0.58,center=0,0,0,size=1,1,1} GameObject/MTHRFNKSTPS (7){pos=0.26,1.37,1.21,scale=2.26,0.16,0.58,center=0,0,0,size=1,1,1} GameObject/MTHRFNKSTPS (8){pos=-0.02,1.64,1.27,scale=2.26,0.16,0.58,center=0,0,0,size=1,1,1} GameObject/MTHRFNKSTPS (9){pos=-0.24,1.92,1.17,scale=2.26,0.16,0.58,center=0,0,0,size=1,1,1} GameObject/MTHRFNKSTPS (10){pos=-0.5,2.18,1.09,scale=2.26,0.16,0.58,center=0,0,0,size=1,1,1} GameObject/MTHRFNKSTPS (11){pos=-0.78,2.47,1.04,scale=2.26,0.16,0.58,center=0,0,0,size=1,1,1} GameObject/MTHRFNKSTPS (12){pos=-0.95,2.75,0.84,scale=2.26,0.16,0.58,center=0,0,0,size=1,1,1} GameObject/MTHRFNKSTPS (13){pos=-1.1,3.02,0.68,scale=2.26,0.16,0.58,center=0,0,0,size=1,1,1} GameObject/MTHRFNKSTPS (14){pos=-1.4,3.3,0.47,scale=2.26,0.16,0.58,center=0,0,0,size=1,1,1} GameObject/MTHRFNKSTPS (15){pos=-1.43,3.58,0.18,scale=2.26,0.16,0.58,center=0,0,0,size=1,1,1} GameObject/MTHRFNKSTPS (16){pos=-1.26,3.85,-0.08,scale=2.26,0.16,0.58,center=0,0,0,size=1,1,1} GameObject/MTHRFNKRL (19){pos=2.46,0.29,0.12,scale=0.18,1.09,0.16,center=0,0,0,size=1,1,1} GameObject/MTHRFNKRL (20){pos=2.39,0.53,0.58,scale=0.18,1.09,0.16,center=0,0,0,size=1,1,1} GameObject/MTHRFNKRL (21){pos=2.23,0.81,1.04,scale=0.18,1.09,0.16,center=0,0,0,size=1,1,1} GameObject/MTHRFNKRL (22){pos=1.96,1.08,1.43,scale=0.18,1.09,0.16,center=0,0,0,size=1,1,1} GameObject/MTHRFNKRL (23){pos=1.61,1.41,1.81,scale=0.18,1.09,0.16,center=0,0,0,size=1,1,1} GameObject/MTHRFNKRL (24){pos=1.17,1.64,2.07,scale=0.18,1.09,0.16,center=0,0,0,size=1,1,1} GameObject/MTHRFNKRL (25){pos=0.68,1.95,2.25,scale=0.18,1.09,0.16,center=0,0,0,size=1,1,1} GameObject/MTHRFNKRL (26){pos=0.15,2.22,2.28,scale=0.18,1.09,0.16,center=0,0,0,size=1,1,1} GameObject/MTHRFNKRL (27){pos=-0.37,2.49,2.28,scale=0.18,1.09,0.16,center=0,0,0,size=1,1,1} GameObject/MTHRFNKRL (28){pos=-0.88,2.77,2.18,scale=0.18,1.09,0.16,center=0,0,0,size=1,1,1} GameObject/MTHRFNKRL (29){pos=-1.37,3.05,1.96,scale=0.18,1.09,0.16,center=0,0,0,size=1,1,1} GameObject/MTHRFNKRL (30){pos=-1.76,3.31,1.66,scale=0.18,1.09,0.16,center=0,0,0,size=1,1,1} GameObject/MTHRFNKRL (31){pos=-2.11,3.59,1.3,scale=0.18,1.09,0.16,center=0,0,0,size=1,1,1} GameObject/MTHRFNKRL (32){pos=-2.32,3.87,0.86,scale=0.18,1.09,0.16,center=0,0,0,size=1,1,1} GameObject/MTHRFNKRL (33){pos=-2.43,4.16,0.4,scale=0.18,1.09,0.16,center=0,0,0,size=1,1,1} GameObject/MTHRFNKRL (34){pos=-2.43,4.42,-0.07,scale=0.18,1.09,0.16,center=0,0,0,size=1,1,1} GameObject/MIDIK{pos=0.02,1.75,0.14,scale=0.65,3.97,0.6,center=0,0,0,size=1,1,1} GameObject/Jushguochbigoleguoch{pos=0.04,3.87,0.14,scale=1.15,0.12,0.85,center=0,0,0,size=1,1,1} GameObject/Jushguochbigoleguoch (1){pos=0.04,3.87,0.14,scale=1.32,0.12,0.85,center=0,0,0,size=1,1,1} GameObject/Jushguochbigoleguoch (2){pos=0.04,3.87,0.14,scale=1.32,0.12,0.85,center=0,0,0,size=1,1,1} GameObject/Jushguochbigoleguoch (3){pos=0.04,3.87,0.14,scale=1.32,0.12,0.85,center=0,0,0,size=1,1,1} GameObject/Jushguochbigoleguoch (3)/jump_trigger{pos=-0.91,-33.69,-0.05,scale=1.96,0.17,0.42,center=0,0,0,size=1,1,1} GameObject/Jushguochbigoleguoch (3)/jump_trigger (1){pos=-0.83,-32.48,-0.46,scale=1.96,0.17,0.42,center=0,0,0,size=1,1,1} GameObject/Jushguochbigoleguoch (3)/jump_trigger (2){pos=-0.66,-30.35,-0.89,scale=1.96,0.17,0.42,center=0,0,0,size=1,1,1} GameObject/Jushguochbigoleguoch (3)/jump_trigger (3){pos=-0.57,-28.21,-1.16,scale=1.96,0.17,0.42,center=0,0,0,size=1,1,1} GameObject/Jushguochbigoleguoch (3)/jump_trigger (4){pos=-0.34,-26.02,-1.11,scale=1.96,0.17,0.42,center=0,0,0,size=1,1,1} GameObject/Jushguochbigoleguoch (3)/jump_trigger (5){pos=-0.21,-23.89,-1.45,scale=1.96,0.17,0.42,center=0,0,0,size=1,1,1} GameObject/Jushguochbigoleguoch (3)/jump_trigger (6){pos=0.01,-21.73,-1.35,scale=1.96,0.17,0.42,center=0,0,0,size=1,1,1} GameObject/Jushguochbigoleguoch (3)/jump_trigger (7){pos=0.16,-19.55,-0.99,scale=1.96,0.17,0.42,center=0,0,0,size=1,1,1} GameObject/Jushguochbigoleguoch (3)/jump_trigger (8){pos=0.36,-17.43,-1.07,scale=1.96,0.17,0.42,center=0,0,0,size=1,1,1} GameObject/Jushguochbigoleguoch (3)/jump_trigger (9){pos=0.52,-15.36,-0.91,scale=1.96,0.17,0.42,center=0,0,0,size=1,1,1} GameObject/Jushguochbigoleguoch (3)/jump_trigger (10){pos=0.65,-13.14,-0.7,scale=1.96,0.17,0.42,center=0,0,0,size=1,1,1} GameObject/Jushguochbigoleguoch (3)/jump_trigger (11){pos=0.77,-11.12,-0.47,scale=1.96,0.17,0.42,center=0,0,0,size=1,1,1} GameObject/Jushguochbigoleguoch (3)/jump_trigger (12){pos=0.94,-8.81,-0.25,scale=1.96,0.17,0.42,center=0,0,0,size=1,1,1} GameObject/Jushguochbigoleguoch (3)/jump_trigger (13){pos=1.02,-6.64,0.07,scale=1.96,0.17,0.42,center=0,0,0,size=1,1,1} GameObject/Jushguochbigoleguoch (3)/jump_trigger (14){pos=0.99,-4.49,0.36,scale=1.96,0.17,0.42,center=0,0,0,size=1,1,1} GameObject/Jushguochbigoleguoch (3)/jump_trigger (15){pos=0.87,-2.34,0.62,scale=1.96,0.17,0.42,center=0,0,0,size=1,1,1} GameObject/Jushguochbigoleguoch (3)/jump_trigger (16){pos=0.78,-0.19,0.85,scale=1.96,0.17,0.42,center=0,0,0,size=1,1,1}	snaps=0,0,0 0.29,-0.37,-0.31 2.29,-0.37,-0.31 -1.71,3.5,-0.32 0.29,3.5,-0.32	comps=AutoJumpLedge	ground=False/False	noclip=False
P	piece_WoodenSprlColumn	Wooden Column	BuildingWorkbench	HardWood	sup=True	supWear=False	burn=True	hp=1111	fireMod=Normal	roofWear=False	layer=10	cols=Mesh@10	rb=1.61,4.01,1.63	cb=1.61,4.01,1.63@0.05,1.54,0.14	rbc=0.05,1.54,0.14	colDetail=	snaps=	comps=	ground=False/False	noclip=False
P	piece_SprialStairsSand	Sandstone Spiral Staircase	BuildingWorkbench	Stone	sup=True	supWear=True	burn=True	hp=1111	fireMod=Resistant	roofWear=True	layer=10	cols=Box@10 Box*@14 Box@10 Box@10 Box@10 Box@10 Box@10 Box@10 Box@10 Box@10 Box@10 Box@10 Box@10 Box@10 Box@10 Box@10 Box@10 Box@10 Box@10 Box@10 Box@10 Box@10 Box@10 Box@10 Box@10 Box@10 Box@10 Box@10 Box@10 Box@10 Box@10 Box@10 Box@10 Box@10 Box@10 Box@10 Box@10 Box@10 Box@10 Box*@14 Box*@14 Box*@14 Box*@14 Box*@14 Box*@14 Box*@14 Box*@14 Box*@14 Box*@14 Box*@14 Box*@14 Box*@14 Box*@14 Box*@14 Box*@14	rb=4.8,5.77,3.35	cb=4.84,5.83,3.37@-0.03,2.42,0.61	rbc=-0.01,2.45,0.59	colDetail=MTHRFNKSTPS{pos=1.36,-0.29,0.01,scale=2.26,0.16,0.58,center=0,0,0,size=1,1,1} jump_trigger{pos=1.22,-0.45,-0.48,scale=1.96,0.17,0.42,center=0,0,0,size=1,1,1} MTHRFNKSTPS (1){pos=1.24,-0.43,-0.39,scale=2.26,0.16,0.58,center=0,0,0,size=1,1,1} MTHRFNKSTPS (2){pos=1.36,-0.02,0.5,scale=2.26,0.16,0.58,center=0,0,0,size=1,1,1} MTHRFNKSTPS (3){pos=1.23,0.26,0.73,scale=2.26,0.16,0.58,center=0,0,0,size=1,1,1} MTHRFNKSTPS (4){pos=0.99,0.54,0.91,scale=2.26,0.16,0.58,center=0,0,0,size=1,1,1} MTHRFNKSTPS (5){pos=0.74,0.81,1.03,scale=2.26,0.16,0.58,center=0,0,0,size=1,1,1} MTHRFNKSTPS (6){pos=0.56,1.09,1.23,scale=2.26,0.16,0.58,center=0,0,0,size=1,1,1} MTHRFNKSTPS (7){pos=0.26,1.37,1.21,scale=2.26,0.16,0.58,center=0,0,0,size=1,1,1} MTHRFNKSTPS (8){pos=-0.02,1.64,1.27,scale=2.26,0.16,0.58,center=0,0,0,size=1,1,1} MTHRFNKSTPS (9){pos=-0.24,1.92,1.17,scale=2.26,0.16,0.58,center=0,0,0,size=1,1,1} MTHRFNKSTPS (10){pos=-0.5,2.18,1.09,scale=2.26,0.16,0.58,center=0,0,0,size=1,1,1} MTHRFNKSTPS (11){pos=-0.78,2.47,1.04,scale=2.26,0.16,0.58,center=0,0,0,size=1,1,1} MTHRFNKSTPS (12){pos=-0.95,2.75,0.84,scale=2.26,0.16,0.58,center=0,0,0,size=1,1,1} MTHRFNKSTPS (13){pos=-1.1,3.02,0.68,scale=2.26,0.16,0.58,center=0,0,0,size=1,1,1} MTHRFNKSTPS (14){pos=-1.4,3.3,0.47,scale=2.26,0.16,0.58,center=0,0,0,size=1,1,1} MTHRFNKSTPS (15){pos=-1.43,3.58,0.18,scale=2.26,0.16,0.58,center=0,0,0,size=1,1,1} MTHRFNKSTPS (16){pos=-1.26,3.85,-0.08,scale=2.26,0.16,0.58,center=0,0,0,size=1,1,1} MTHRFNKRL (19){pos=2.46,0.29,0.12,scale=0.18,1.09,0.16,center=0,0,0,size=1,1,1} MTHRFNKRL (20){pos=2.39,0.53,0.58,scale=0.18,1.09,0.16,center=0,0,0,size=1,1,1} MTHRFNKRL (21){pos=2.23,0.81,1.04,scale=0.18,1.09,0.16,center=0,0,0,size=1,1,1} MTHRFNKRL (22){pos=1.96,1.08,1.43,scale=0.18,1.09,0.16,center=0,0,0,size=1,1,1} MTHRFNKRL (23){pos=1.61,1.41,1.81,scale=0.18,1.09,0.16,center=0,0,0,size=1,1,1} MTHRFNKRL (24){pos=1.17,1.64,2.07,scale=0.18,1.09,0.16,center=0,0,0,size=1,1,1} MTHRFNKRL (25){pos=0.68,1.95,2.25,scale=0.18,1.09,0.16,center=0,0,0,size=1,1,1} MTHRFNKRL (26){pos=0.15,2.22,2.28,scale=0.18,1.09,0.16,center=0,0,0,size=1,1,1} MTHRFNKRL (27){pos=-0.37,2.49,2.28,scale=0.18,1.09,0.16,center=0,0,0,size=1,1,1} MTHRFNKRL (28){pos=-0.88,2.77,2.18,scale=0.18,1.09,0.16,center=0,0,0,size=1,1,1} MTHRFNKRL (29){pos=-1.37,3.05,1.96,scale=0.18,1.09,0.16,center=0,0,0,size=1,1,1} MTHRFNKRL (30){pos=-1.76,3.31,1.66,scale=0.18,1.09,0.16,center=0,0,0,size=1,1,1} MTHRFNKRL (31){pos=-2.11,3.59,1.3,scale=0.18,1.09,0.16,center=0,0,0,size=1,1,1} MTHRFNKRL (32){pos=-2.32,3.87,0.86,scale=0.18,1.09,0.16,center=0,0,0,size=1,1,1} MTHRFNKRL (33){pos=-2.43,4.16,0.4,scale=0.18,1.09,0.16,center=0,0,0,size=1,1,1} MTHRFNKRL (34){pos=-2.43,4.42,-0.07,scale=0.18,1.09,0.16,center=0,0,0,size=1,1,1} MIDIK{pos=0.02,2.73,0.14,scale=0.65,5.75,0.6,center=0,0,0,size=1,1,1} Jushguochbigoleguoch{pos=0.04,5.86,0.14,scale=1.15,0.12,0.85,center=0,0,0,size=1,1,1} Jushguochbigoleguoch (1){pos=0.04,5.86,0.14,scale=1.32,0.12,0.85,center=0,0,0,size=1,1,1} Jushguochbigoleguoch (2){pos=0.04,5.86,0.14,scale=1.32,0.12,0.85,center=0,0,0,size=1,1,1} Jushguochbigoleguoch (3){pos=0.04,5.86,0.14,scale=1.32,0.12,0.85,center=0,0,0,size=1,1,1} jump_trigger (1){pos=1.3,-0.3,-0.09,scale=1.96,0.17,0.42,center=0,0,0,size=1,1,1} jump_trigger (2){pos=1.3,-0.03,0.39,scale=1.96,0.17,0.42,center=0,0,0,size=1,1,1} jump_trigger (3){pos=1.3,0.25,0.67,scale=1.96,0.17,0.42,center=0,0,0,size=1,1,1} jump_trigger (4){pos=0.99,0.53,0.81,scale=1.96,0.17,0.42,center=0,0,0,size=1,1,1} jump_trigger (5){pos=0.99,0.81,1.17,scale=1.96,0.17,0.42,center=0,0,0,size=1,1,1} jump_trigger (6){pos=0.66,1.08,1.25,scale=1.96,0.17,0.42,center=0,0,0,size=1,1,1} jump_trigger (7){pos=0.3,1.36,1.07,scale=1.96,0.17,0.42,center=0,0,0,size=1,1,1} jump_trigger (8){pos=0.08,1.64,1.28,scale=1.96,0.17,0.42,center=0,0,0,size=1,1,1} jump_trigger (9){pos=-0.19,1.9,1.27,scale=1.96,0.17,0.42,center=0,0,0,size=1,1,1} jump_trigger (10){pos=-0.46,2.19,1.19,scale=1.96,0.17,0.42,center=0,0,0,size=1,1,1} jump_trigger (11){pos=-0.72,2.45,1.08,scale=1.96,0.17,0.42,center=0,0,0,size=1,1,1} jump_trigger (12){pos=-1.03,2.74,1.02,scale=1.96,0.17,0.42,center=0,0,0,size=1,1,1} jump_trigger (13){pos=-1.29,3.02,0.82,scale=1.96,0.17,0.42,center=0,0,0,size=1,1,1} jump_trigger (14){pos=-1.38,3.3,0.56,scale=1.96,0.17,0.42,center=0,0,0,size=1,1,1} jump_trigger (15){pos=-1.35,3.57,0.26,scale=1.96,0.17,0.42,center=0,0,0,size=1,1,1} jump_trigger (16){pos=-1.35,3.85,0.01,scale=1.96,0.17,0.42,center=0,0,0,size=1,1,1}	snaps=	comps=AutoJumpLedge	ground=False/False	noclip=False
P	piece_SprialStairsSandv2	Sandstone  Spiral Staircase v2	BuildingWorkbench	Stone	sup=True	supWear=False	burn=True	hp=1111	fireMod=Normal	roofWear=False	layer=10	cols=Box@10 Box@10 Box@10 Box*@14 Box*@14 Box*@14 Box*@14 Box*@14 Box*@14 Box*@14 Box*@14 Box*@14 Box*@14 Box*@14 Box*@14 Box*@14 Box*@14 Box*@14 Box*@14 Box*@14 Box@10 Box@10 Box@10 Box@10 Box@10 Box@10 Box@10 Box@10 Box@10 Box@10 Box@10 Box@10 Box@10 Box@10 Box@10 Box@10 Box@10 Box@10 Box@10 Box@10 Box@10 Box@10 Box@10 Box@10 Box@10 Box@10 Box@10 Box@10 Box@10 Box@10 Box@10 Box@10 Box@10 Box@10 Box@10 Box@10 Box@10	rb=4.8,5.01,3.35	cb=4.84,5.03,3.34@-0.03,2.02,0.63	rbc=-0.01,2.04,0.59	colDetail=collider (3){pos=-0.79,3.88,-0.08,scale=2,0.1,0.45,center=0,-0.05,0,size=1,1.3,1} collider{pos=1.43,-0.41,0.16,scale=2,0.1,0.87,center=0,-0.05,0,size=1,1.3,1} collider (2){pos=-1.46,3.87,-0.11,scale=2,0.1,0.4,center=0,-0.05,0,size=1,1.3,1} GameObject/jump_trigger{pos=1.22,-0.45,-0.48,scale=1.96,0.17,0.42,center=0,0,0,size=1,1,1} GameObject/jump_trigger (1){pos=1.3,-0.3,-0.09,scale=1.96,0.17,0.42,center=0,0,0,size=1,1,1} GameObject/jump_trigger (2){pos=1.3,-0.03,0.39,scale=1.96,0.17,0.42,center=0,0,0,size=1,1,1} GameObject/jump_trigger (3){pos=1.3,0.25,0.67,scale=1.96,0.17,0.42,center=0,0,0,size=1,1,1} GameObject/jump_trigger (4){pos=0.99,0.53,0.81,scale=1.96,0.17,0.42,center=0,0,0,size=1,1,1} GameObject/jump_trigger (5){pos=0.99,0.81,1.17,scale=1.96,0.17,0.42,center=0,0,0,size=1,1,1} GameObject/jump_trigger (6){pos=0.66,1.08,1.25,scale=1.96,0.17,0.42,center=0,0,0,size=1,1,1} GameObject/jump_trigger (7){pos=0.3,1.36,1.07,scale=1.96,0.17,0.42,center=0,0,0,size=1,1,1} GameObject/jump_trigger (8){pos=0.08,1.64,1.28,scale=1.96,0.17,0.42,center=0,0,0,size=1,1,1} GameObject/jump_trigger (9){pos=-0.19,1.9,1.27,scale=1.96,0.17,0.42,center=0,0,0,size=1,1,1} GameObject/jump_trigger (10){pos=-0.46,2.19,1.19,scale=1.96,0.17,0.42,center=0,0,0,size=1,1,1} GameObject/jump_trigger (11){pos=-0.72,2.45,1.08,scale=1.96,0.17,0.42,center=0,0,0,size=1,1,1} GameObject/jump_trigger (12){pos=-1.03,2.74,1.02,scale=1.96,0.17,0.42,center=0,0,0,size=1,1,1} GameObject/jump_trigger (13){pos=-1.29,3.02,0.82,scale=1.96,0.17,0.42,center=0,0,0,size=1,1,1} GameObject/jump_trigger (14){pos=-1.38,3.3,0.56,scale=1.96,0.17,0.42,center=0,0,0,size=1,1,1} GameObject/jump_trigger (15){pos=-1.35,3.57,0.26,scale=1.96,0.17,0.42,center=0,0,0,size=1,1,1} GameObject/jump_trigger (16){pos=-1.35,3.85,0.01,scale=1.96,0.17,0.42,center=0,0,0,size=1,1,1} GameObject/MTHRFNKSTPS{pos=1.36,-0.29,0.01,scale=2.26,0.16,0.58,center=0,0,0,size=1,1,1} GameObject/MTHRFNKSTPS (2){pos=1.36,-0.02,0.5,scale=2.26,0.16,0.58,center=0,0,0,size=1,1,1} GameObject/MTHRFNKSTPS (3){pos=1.23,0.26,0.73,scale=2.26,0.16,0.58,center=0,0,0,size=1,1,1} GameObject/MTHRFNKSTPS (4){pos=0.99,0.54,0.91,scale=2.26,0.16,0.58,center=0,0,0,size=1,1,1} GameObject/MTHRFNKSTPS (5){pos=0.74,0.81,1.03,scale=2.26,0.16,0.58,center=0,0,0,size=1,1,1} GameObject/MTHRFNKSTPS (6){pos=0.56,1.09,1.23,scale=2.26,0.16,0.58,center=0,0,0,size=1,1,1} GameObject/MTHRFNKSTPS (7){pos=0.26,1.37,1.21,scale=2.26,0.16,0.58,center=0,0,0,size=1,1,1} GameObject/MTHRFNKSTPS (8){pos=-0.02,1.64,1.27,scale=2.26,0.16,0.58,center=0,0,0,size=1,1,1} GameObject/MTHRFNKSTPS (9){pos=-0.24,1.92,1.17,scale=2.26,0.16,0.58,center=0,0,0,size=1,1,1} GameObject/MTHRFNKSTPS (10){pos=-0.5,2.18,1.09,scale=2.26,0.16,0.58,center=0,0,0,size=1,1,1} GameObject/MTHRFNKSTPS (11){pos=-0.78,2.47,1.04,scale=2.26,0.16,0.58,center=0,0,0,size=1,1,1} GameObject/MTHRFNKSTPS (12){pos=-0.95,2.75,0.84,scale=2.26,0.16,0.58,center=0,0,0,size=1,1,1} GameObject/MTHRFNKSTPS (13){pos=-1.1,3.02,0.68,scale=2.26,0.16,0.58,center=0,0,0,size=1,1,1} GameObject/MTHRFNKSTPS (14){pos=-1.4,3.3,0.47,scale=2.26,0.16,0.58,center=0,0,0,size=1,1,1} GameObject/MTHRFNKSTPS (15){pos=-1.43,3.58,0.18,scale=2.26,0.16,0.58,center=0,0,0,size=1,1,1} GameObject/MTHRFNKSTPS (16){pos=-1.26,3.85,-0.08,scale=2.26,0.16,0.58,center=0,0,0,size=1,1,1} GameObject/MTHRFNKRL (19){pos=2.46,0.29,0.12,scale=0.18,1.09,0.16,center=0,0,0,size=1,1,1} GameObject/MTHRFNKRL (20){pos=2.39,0.53,0.58,scale=0.18,1.09,0.16,center=0,0,0,size=1,1,1} GameObject/MTHRFNKRL (21){pos=2.23,0.81,1.04,scale=0.18,1.09,0.16,center=0,0,0,size=1,1,1} GameObject/MTHRFNKRL (22){pos=1.96,1.08,1.43,scale=0.18,1.09,0.16,center=0,0,0,size=1,1,1} GameObject/MTHRFNKRL (23){pos=1.61,1.41,1.81,scale=0.18,1.09,0.16,center=0,0,0,size=1,1,1} GameObject/MTHRFNKRL (24){pos=1.17,1.64,2.07,scale=0.18,1.09,0.16,center=0,0,0,size=1,1,1} GameObject/MTHRFNKRL (25){pos=0.68,1.95,2.25,scale=0.18,1.09,0.16,center=0,0,0,size=1,1,1} GameObject/MTHRFNKRL (26){pos=0.15,2.22,2.28,scale=0.18,1.09,0.16,center=0,0,0,size=1,1,1} GameObject/MTHRFNKRL (27){pos=-0.37,2.49,2.28,scale=0.18,1.09,0.16,center=0,0,0,size=1,1,1} GameObject/MTHRFNKRL (28){pos=-0.88,2.77,2.18,scale=0.18,1.09,0.16,center=0,0,0,size=1,1,1} GameObject/MTHRFNKRL (29){pos=-1.37,3.05,1.96,scale=0.18,1.09,0.16,center=0,0,0,size=1,1,1} GameObject/MTHRFNKRL (30){pos=-1.76,3.31,1.66,scale=0.18,1.09,0.16,center=0,0,0,size=1,1,1} GameObject/MTHRFNKRL (31){pos=-2.11,3.59,1.3,scale=0.18,1.09,0.16,center=0,0,0,size=1,1,1} GameObject/MTHRFNKRL (32){pos=-2.32,3.87,0.86,scale=0.18,1.09,0.16,center=0,0,0,size=1,1,1} GameObject/MTHRFNKRL (33){pos=-2.43,4.16,0.4,scale=0.18,1.09,0.16,center=0,0,0,size=1,1,1} GameObject/MTHRFNKRL (34){pos=-2.43,4.42,-0.07,scale=0.18,1.09,0.16,center=0,0,0,size=1,1,1} GameObject/MIDIK{pos=0.02,1.75,0.14,scale=0.65,3.97,0.6,center=0,0,0,size=1,1,1} GameObject/Jushguochbigoleguoch{pos=0.04,3.87,0.14,scale=1.15,0.12,0.85,center=0,0,0,size=1,1,1} GameObject/Jushguochbigoleguoch (1){pos=0.04,3.87,0.14,scale=1.32,0.12,0.85,center=0,0,0,size=1,1,1} GameObject/Jushguochbigoleguoch (2){pos=0.04,3.87,0.14,scale=1.32,0.12,0.85,center=0,0,0,size=1,1,1} GameObject/Jushguochbigoleguoch (3){pos=0.04,3.87,0.14,scale=1.32,0.12,0.85,center=0,0,0,size=1,1,1}	snaps=0.29,-0.37,-0.31 2.29,-0.37,-0.31 -1.71,3.5,-0.32 0.29,3.5,-0.32	comps=AutoJumpLedge	ground=False/False	noclip=False
P	piece_SandSprlColumn	Sandstone Column	BuildingWorkbench	Stone	sup=True	supWear=False	burn=True	hp=1111	fireMod=Normal	roofWear=False	layer=10	cols=Mesh@10	rb=1.61,4.01,1.63	cb=1.61,4.01,1.63@0.05,1.54,0.14	rbc=0.05,1.54,0.14	colDetail=	snaps=	comps=	ground=False/False	noclip=False
P	piece_SprialStairSTONE	Stone Spiral Staircase	BuildingWorkbench	Stone	sup=True	supWear=True	burn=True	hp=1111	fireMod=Resistant	roofWear=True	layer=10	cols=Box@10 Box@10 Box@10 Box@10 Box@10 Box@10 Box@10 Box@10 Box@10 Box@10 Box@10 Box@10 Box@10 Box@10 Box@10 Box@10 Box@10 Box@10 Box@10 Box@10 Box@10 Box@10 Box@10 Box@10 Box@10 Box@10 Box@10 Box@10 Box@10 Box@10 Box@10 Box@10 Box@10 Box@10 Box@10 Box@10 Box@10 Box@10 Box*@14 Box*@14 Box*@14 Box*@14 Box*@14 Box*@14 Box*@14 Box*@14 Box*@14 Box*@14 Box*@14 Box*@14 Box*@14 Box*@14 Box*@14 Box*@14 Box*@14	rb=4.8,5.8,3.35	cb=4.84,5.83,3.37@-0.03,2.42,0.61	rbc=-0.01,2.46,0.59	colDetail=MTHRFNKSTPS{pos=1.36,-0.29,0.01,scale=2.26,0.16,0.58,center=0,0,0,size=1,1,1} MTHRFNKSTPS (1){pos=1.24,-0.43,-0.39,scale=2.26,0.16,0.58,center=0,0,0,size=1,1,1} MTHRFNKSTPS (2){pos=1.36,-0.02,0.5,scale=2.26,0.16,0.58,center=0,0,0,size=1,1,1} MTHRFNKSTPS (3){pos=1.23,0.26,0.73,scale=2.26,0.16,0.58,center=0,0,0,size=1,1,1} MTHRFNKSTPS (4){pos=0.99,0.54,0.91,scale=2.26,0.16,0.58,center=0,0,0,size=1,1,1} MTHRFNKSTPS (5){pos=0.74,0.81,1.03,scale=2.26,0.16,0.58,center=0,0,0,size=1,1,1} MTHRFNKSTPS (6){pos=0.56,1.09,1.23,scale=2.26,0.16,0.58,center=0,0,0,size=1,1,1} MTHRFNKSTPS (7){pos=0.26,1.37,1.21,scale=2.26,0.16,0.58,center=0,0,0,size=1,1,1} MTHRFNKSTPS (8){pos=-0.02,1.64,1.27,scale=2.26,0.16,0.58,center=0,0,0,size=1,1,1} MTHRFNKSTPS (9){pos=-0.24,1.92,1.17,scale=2.26,0.16,0.58,center=0,0,0,size=1,1,1} MTHRFNKSTPS (10){pos=-0.5,2.18,1.09,scale=2.26,0.16,0.58,center=0,0,0,size=1,1,1} MTHRFNKSTPS (11){pos=-0.78,2.47,1.04,scale=2.26,0.16,0.58,center=0,0,0,size=1,1,1} MTHRFNKSTPS (12){pos=-0.95,2.75,0.84,scale=2.26,0.16,0.58,center=0,0,0,size=1,1,1} MTHRFNKSTPS (13){pos=-1.1,3.02,0.68,scale=2.26,0.16,0.58,center=0,0,0,size=1,1,1} MTHRFNKSTPS (14){pos=-1.4,3.3,0.47,scale=2.26,0.16,0.58,center=0,0,0,size=1,1,1} MTHRFNKSTPS (15){pos=-1.43,3.58,0.18,scale=2.26,0.16,0.58,center=0,0,0,size=1,1,1} MTHRFNKSTPS (16){pos=-1.26,3.85,-0.08,scale=2.26,0.16,0.58,center=0,0,0,size=1,1,1} MTHRFNKRL (19){pos=2.46,0.29,0.12,scale=0.18,1.09,0.16,center=0,0,0,size=1,1,1} MTHRFNKRL (20){pos=2.39,0.53,0.58,scale=0.18,1.09,0.16,center=0,0,0,size=1,1,1} MTHRFNKRL (21){pos=2.23,0.81,1.04,scale=0.18,1.09,0.16,center=0,0,0,size=1,1,1} MTHRFNKRL (22){pos=1.96,1.08,1.43,scale=0.18,1.09,0.16,center=0,0,0,size=1,1,1} MTHRFNKRL (23){pos=1.61,1.41,1.81,scale=0.18,1.09,0.16,center=0,0,0,size=1,1,1} MTHRFNKRL (24){pos=1.17,1.64,2.07,scale=0.18,1.09,0.16,center=0,0,0,size=1,1,1} MTHRFNKRL (25){pos=0.68,1.95,2.25,scale=0.18,1.09,0.16,center=0,0,0,size=1,1,1} MTHRFNKRL (26){pos=0.15,2.22,2.28,scale=0.18,1.09,0.16,center=0,0,0,size=1,1,1} MTHRFNKRL (27){pos=-0.37,2.49,2.28,scale=0.18,1.09,0.16,center=0,0,0,size=1,1,1} MTHRFNKRL (28){pos=-0.88,2.77,2.18,scale=0.18,1.09,0.16,center=0,0,0,size=1,1,1} MTHRFNKRL (29){pos=-1.37,3.05,1.96,scale=0.18,1.09,0.16,center=0,0,0,size=1,1,1} MTHRFNKRL (30){pos=-1.76,3.31,1.66,scale=0.18,1.09,0.16,center=0,0,0,size=1,1,1} MTHRFNKRL (31){pos=-2.11,3.59,1.3,scale=0.18,1.09,0.16,center=0,0,0,size=1,1,1} MTHRFNKRL (32){pos=-2.32,3.87,0.86,scale=0.18,1.09,0.16,center=0,0,0,size=1,1,1} MTHRFNKRL (33){pos=-2.43,4.16,0.4,scale=0.18,1.09,0.16,center=0,0,0,size=1,1,1} MTHRFNKRL (34){pos=-2.43,4.42,-0.07,scale=0.18,1.09,0.16,center=0,0,0,size=1,1,1} MIDIK{pos=0.02,2.73,0.14,scale=0.65,5.75,0.6,center=0,0,0,size=1,1,1} Justguochbigoleguoch{pos=0.04,5.86,0.14,scale=1.15,0.12,0.85,center=0,0,0,size=1,1,1} Justguochbigoleguoch (1){pos=0.04,5.86,0.14,scale=1.32,0.12,0.85,center=0,0,0,size=1,1,1} Justguochbigoleguoch (2){pos=0.04,5.86,0.14,scale=1.32,0.12,0.85,center=0,0,0,size=1,1,1} Justguochbigoleguoch (3){pos=0.04,5.86,0.14,scale=1.32,0.12,0.85,center=0,0,0,size=1,1,1} jump_trigger{pos=1.22,-0.45,-0.48,scale=1.96,0.17,0.42,center=0,0,0,size=1,1,1} jump_trigger (1){pos=1.3,-0.3,-0.09,scale=1.96,0.17,0.42,center=0,0,0,size=1,1,1} jump_trigger (2){pos=1.3,-0.03,0.39,scale=1.96,0.17,0.42,center=0,0,0,size=1,1,1} jump_trigger (3){pos=1.3,0.25,0.67,scale=1.96,0.17,0.42,center=0,0,0,size=1,1,1} jump_trigger (4){pos=0.99,0.53,0.81,scale=1.96,0.17,0.42,center=0,0,0,size=1,1,1} jump_trigger (5){pos=0.99,0.81,1.17,scale=1.96,0.17,0.42,center=0,0,0,size=1,1,1} jump_trigger (6){pos=0.66,1.08,1.25,scale=1.96,0.17,0.42,center=0,0,0,size=1,1,1} jump_trigger (7){pos=0.3,1.36,1.07,scale=1.96,0.17,0.42,center=0,0,0,size=1,1,1} jump_trigger (8){pos=0.08,1.64,1.28,scale=1.96,0.17,0.42,center=0,0,0,size=1,1,1} jump_trigger (9){pos=-0.19,1.9,1.27,scale=1.96,0.17,0.42,center=0,0,0,size=1,1,1} jump_trigger (10){pos=-0.46,2.19,1.19,scale=1.96,0.17,0.42,center=0,0,0,size=1,1,1} jump_trigger (11){pos=-0.72,2.45,1.08,scale=1.96,0.17,0.42,center=0,0,0,size=1,1,1} jump_trigger (12){pos=-1.03,2.74,1.02,scale=1.96,0.17,0.42,center=0,0,0,size=1,1,1} jump_trigger (13){pos=-1.29,3.02,0.82,scale=1.96,0.17,0.42,center=0,0,0,size=1,1,1} jump_trigger (14){pos=-1.38,3.3,0.56,scale=1.96,0.17,0.42,center=0,0,0,size=1,1,1} jump_trigger (15){pos=-1.35,3.57,0.26,scale=1.96,0.17,0.42,center=0,0,0,size=1,1,1} jump_trigger (16){pos=-1.35,3.85,0.01,scale=1.96,0.17,0.42,center=0,0,0,size=1,1,1}	snaps=	comps=AutoJumpLedge	ground=False/False	noclip=False
P	piece_SprialStairsStoneV2	Stone Spiral Staircase v2	BuildingWorkbench	Stone	sup=True	supWear=False	burn=True	hp=1111	fireMod=Normal	roofWear=False	layer=10	cols=Box@10 Box@10 Box@10 Box@10 Box@10 Box@10 Box@10 Box@10 Box@10 Box@10 Box@10 Box@10 Box@10 Box@10 Box@10 Box@10 Box@10 Box@10 Box@10 Box@10 Box@10 Box@10 Box@10 Box@10 Box@10 Box@10 Box@10 Box@10 Box@10 Box@10 Box@10 Box@10 Box@10 Box@10 Box@10 Box@10 Box@10 Box@10 Box@10 Box@Default Box*@14 Box*@14 Box*@14 Box*@14 Box*@14 Box*@14 Box*@14 Box*@14 Box*@14 Box*@14 Box*@14 Box*@14 Box*@14 Box*@14 Box*@14 Box*@14 Box*@14	rb=4.8,5.01,3.35	cb=4.84,5.03,3.34@-0.03,2.02,0.63	rbc=-0.01,2.04,0.59	colDetail=collider (3){pos=-0.79,3.88,-0.08,scale=2,0.1,0.45,center=0,-0.05,0,size=1,1.3,1} collider{pos=1.43,-0.41,0.16,scale=2,0.1,0.87,center=0,-0.05,0,size=1,1.3,1} collider (2){pos=-1.46,3.87,-0.11,scale=2,0.1,0.4,center=0,-0.05,0,size=1,1.3,1} GameObject/MTHRFNKSTPS{pos=1.36,-0.29,0.01,scale=2.26,0.16,0.58,center=0,0,0,size=1,1,1} GameObject/MTHRFNKSTPS (2){pos=1.36,-0.02,0.5,scale=2.26,0.16,0.58,center=0,0,0,size=1,1,1} GameObject/MTHRFNKSTPS (3){pos=1.23,0.26,0.73,scale=2.26,0.16,0.58,center=0,0,0,size=1,1,1} GameObject/MTHRFNKSTPS (4){pos=0.99,0.54,0.91,scale=2.26,0.16,0.58,center=0,0,0,size=1,1,1} GameObject/MTHRFNKSTPS (5){pos=0.74,0.81,1.03,scale=2.26,0.16,0.58,center=0,0,0,size=1,1,1} GameObject/MTHRFNKSTPS (6){pos=0.56,1.09,1.23,scale=2.26,0.16,0.58,center=0,0,0,size=1,1,1} GameObject/MTHRFNKSTPS (7){pos=0.26,1.37,1.21,scale=2.26,0.16,0.58,center=0,0,0,size=1,1,1} GameObject/MTHRFNKSTPS (8){pos=-0.02,1.64,1.27,scale=2.26,0.16,0.58,center=0,0,0,size=1,1,1} GameObject/MTHRFNKSTPS (9){pos=-0.24,1.92,1.17,scale=2.26,0.16,0.58,center=0,0,0,size=1,1,1} GameObject/MTHRFNKSTPS (10){pos=-0.5,2.18,1.09,scale=2.26,0.16,0.58,center=0,0,0,size=1,1,1} GameObject/MTHRFNKSTPS (11){pos=-0.78,2.47,1.04,scale=2.26,0.16,0.58,center=0,0,0,size=1,1,1} GameObject/MTHRFNKSTPS (12){pos=-0.95,2.75,0.84,scale=2.26,0.16,0.58,center=0,0,0,size=1,1,1} GameObject/MTHRFNKSTPS (13){pos=-1.1,3.02,0.68,scale=2.26,0.16,0.58,center=0,0,0,size=1,1,1} GameObject/MTHRFNKSTPS (14){pos=-1.4,3.3,0.47,scale=2.26,0.16,0.58,center=0,0,0,size=1,1,1} GameObject/MTHRFNKSTPS (15){pos=-1.43,3.58,0.18,scale=2.26,0.16,0.58,center=0,0,0,size=1,1,1} GameObject/MTHRFNKSTPS (16){pos=-1.26,3.85,-0.08,scale=2.26,0.16,0.58,center=0,0,0,size=1,1,1} GameObject/MTHRFNKRL (19){pos=2.46,0.29,0.12,scale=0.18,1.09,0.16,center=0,0,0,size=1,1,1} GameObject/MTHRFNKRL (20){pos=2.39,0.53,0.58,scale=0.18,1.09,0.16,center=0,0,0,size=1,1,1} GameObject/MTHRFNKRL (21){pos=2.23,0.81,1.04,scale=0.18,1.09,0.16,center=0,0,0,size=1,1,1} GameObject/MTHRFNKRL (22){pos=1.96,1.08,1.43,scale=0.18,1.09,0.16,center=0,0,0,size=1,1,1} GameObject/MTHRFNKRL (23){pos=1.61,1.41,1.81,scale=0.18,1.09,0.16,center=0,0,0,size=1,1,1} GameObject/MTHRFNKRL (24){pos=1.17,1.64,2.07,scale=0.18,1.09,0.16,center=0,0,0,size=1,1,1} GameObject/MTHRFNKRL (25){pos=0.68,1.95,2.25,scale=0.18,1.09,0.16,center=0,0,0,size=1,1,1} GameObject/MTHRFNKRL (26){pos=0.15,2.22,2.28,scale=0.18,1.09,0.16,center=0,0,0,size=1,1,1} GameObject/MTHRFNKRL (27){pos=-0.37,2.49,2.28,scale=0.18,1.09,0.16,center=0,0,0,size=1,1,1} GameObject/MTHRFNKRL (28){pos=-0.88,2.77,2.18,scale=0.18,1.09,0.16,center=0,0,0,size=1,1,1} GameObject/MTHRFNKRL (29){pos=-1.37,3.05,1.96,scale=0.18,1.09,0.16,center=0,0,0,size=1,1,1} GameObject/MTHRFNKRL (30){pos=-1.76,3.31,1.66,scale=0.18,1.09,0.16,center=0,0,0,size=1,1,1} GameObject/MTHRFNKRL (31){pos=-2.11,3.59,1.3,scale=0.18,1.09,0.16,center=0,0,0,size=1,1,1} GameObject/MTHRFNKRL (32){pos=-2.32,3.87,0.86,scale=0.18,1.09,0.16,center=0,0,0,size=1,1,1} GameObject/MTHRFNKRL (33){pos=-2.43,4.16,0.4,scale=0.18,1.09,0.16,center=0,0,0,size=1,1,1} GameObject/MTHRFNKRL (34){pos=-2.43,4.42,-0.07,scale=0.18,1.09,0.16,center=0,0,0,size=1,1,1} GameObject/MIDIK{pos=0.02,1.75,0.14,scale=0.65,3.97,0.6,center=0,0,0,size=1,1,1} GameObject/Jushguochbigoleguoch{pos=0.04,3.87,0.14,scale=1.15,0.12,0.85,center=0,0,0,size=1,1,1} GameObject/Jushguochbigoleguoch (1){pos=0.04,3.87,0.14,scale=1.32,0.12,0.85,center=0,0,0,size=1,1,1} GameObject/Jushguochbigoleguoch (2){pos=0.04,3.87,0.14,scale=1.32,0.12,0.85,center=0,0,0,size=1,1,1} GameObject/Jushguochbigoleguoch (3){pos=0.04,3.87,0.14,scale=1.32,0.12,0.85,center=0,0,0,size=1,1,1} GameObject/Jushguochbigoleguoch (3)/jump_trigger{pos=-0.91,-33.69,-0.05,scale=1.96,0.17,0.42,center=0,0,0,size=1,1,1} GameObject/Jushguochbigoleguoch (3)/jump_trigger (1){pos=-0.83,-32.48,-0.46,scale=1.96,0.17,0.42,center=0,0,0,size=1,1,1} GameObject/Jushguochbigoleguoch (3)/jump_trigger (2){pos=-0.66,-30.35,-0.89,scale=1.96,0.17,0.42,center=0,0,0,size=1,1,1} GameObject/Jushguochbigoleguoch (3)/jump_trigger (3){pos=-0.57,-28.21,-1.16,scale=1.96,0.17,0.42,center=0,0,0,size=1,1,1} GameObject/Jushguochbigoleguoch (3)/jump_trigger (4){pos=-0.34,-26.02,-1.11,scale=1.96,0.17,0.42,center=0,0,0,size=1,1,1} GameObject/Jushguochbigoleguoch (3)/jump_trigger (5){pos=-0.21,-23.89,-1.45,scale=1.96,0.17,0.42,center=0,0,0,size=1,1,1} GameObject/Jushguochbigoleguoch (3)/jump_trigger (6){pos=0.01,-21.73,-1.35,scale=1.96,0.17,0.42,center=0,0,0,size=1,1,1} GameObject/Jushguochbigoleguoch (3)/jump_trigger (7){pos=0.16,-19.55,-0.99,scale=1.96,0.17,0.42,center=0,0,0,size=1,1,1} GameObject/Jushguochbigoleguoch (3)/jump_trigger (8){pos=0.36,-17.43,-1.07,scale=1.96,0.17,0.42,center=0,0,0,size=1,1,1} GameObject/Jushguochbigoleguoch (3)/jump_trigger (9){pos=0.52,-15.36,-0.91,scale=1.96,0.17,0.42,center=0,0,0,size=1,1,1} GameObject/Jushguochbigoleguoch (3)/jump_trigger (10){pos=0.65,-13.14,-0.7,scale=1.96,0.17,0.42,center=0,0,0,size=1,1,1} GameObject/Jushguochbigoleguoch (3)/jump_trigger (11){pos=0.77,-11.12,-0.47,scale=1.96,0.17,0.42,center=0,0,0,size=1,1,1} GameObject/Jushguochbigoleguoch (3)/jump_trigger (12){pos=0.94,-8.81,-0.25,scale=1.96,0.17,0.42,center=0,0,0,size=1,1,1} GameObject/Jushguochbigoleguoch (3)/jump_trigger (13){pos=1.02,-6.64,0.07,scale=1.96,0.17,0.42,center=0,0,0,size=1,1,1} GameObject/Jushguochbigoleguoch (3)/jump_trigger (14){pos=0.99,-4.49,0.36,scale=1.96,0.17,0.42,center=0,0,0,size=1,1,1} GameObject/Jushguochbigoleguoch (3)/jump_trigger (15){pos=0.87,-2.34,0.62,scale=1.96,0.17,0.42,center=0,0,0,size=1,1,1} GameObject/Jushguochbigoleguoch (3)/jump_trigger (16){pos=0.78,-0.19,0.85,scale=1.96,0.17,0.42,center=0,0,0,size=1,1,1}	snaps=0.29,-0.37,-0.31 2.29,-0.37,-0.31 -1.71,3.5,-0.32 0.29,3.5,-0.32	comps=AutoJumpLedge	ground=False/False	noclip=False
P	piece_StoneSprlColumn	Stone Column	BuildingWorkbench	Stone	sup=True	supWear=False	burn=True	hp=1111	fireMod=Normal	roofWear=False	layer=10	cols=Mesh@10	rb=1.61,4.01,1.63	cb=1.61,4.01,1.63@0.05,1.54,0.14	rbc=0.05,1.54,0.14	colDetail=	snaps=	comps=	ground=False/False	noclip=False
P	piece_Well	Another Well	Crafting	Stone	sup=True	supWear=True	burn=True	hp=1500	fireMod=Resistant	roofWear=True	layer=10	cols=Box@10 Box@10 Box@10 Box@10 Box@10 Box@10	rb=2.86,2.85,2.15	cb=2.3,2.75,1.76@0.1,0.38,0	rbc=0.12,0.4,-0.16	colDetail=piece_Well(Clone){pos=0,0,0,scale=1,1,1,center=0,0,0,size=2,2,0.3} collider{pos=-0.63,-0.51,0,scale=0.23,1.09,1.21,center=0,0.5,0,size=4,1,1} collider (1){pos=-1.22,0.08,-0.01,scale=0.54,0.19,0.25,center=0,0.5,0,size=4,1,1} collider (2){pos=0.87,0.08,-0.01,scale=0.54,0.19,0.25,center=0,0.5,0,size=4,1,1} collider (3){pos=-1.18,1.25,-0.35,scale=0.05,2.17,1.21,center=0,0.5,0,size=4,1,1} collider (4){pos=0.92,1.28,0.35,scale=0.05,2.17,1.21,center=0,0.5,0,size=4,1,1}	snaps=	comps=	ground=False/False	noclip=False
P	piece_CheeseBall	Cheese Ball	Misc	Wood	sup=True	supWear=True	burn=True	hp=10	fireMod=Normal	roofWear=False	layer=10	cols=Sphere@10	rb=0.32,0.24,0.32	cb=0.28,0.28,0.28@0,0,0.01	rbc=0,0,0	colDetail=	snaps=	comps=	ground=False/False	noclip=False
P	piece_CheeseBallHalf	Halved Cheese Ball	Misc	Wood	sup=True	supWear=True	burn=True	hp=10	fireMod=Normal	roofWear=False	layer=10	cols=Box@10	rb=0.36,0.27,0.2	cb=0.2,0.18,0.14@0,0.49,0.03	rbc=0,0.49,0	colDetail=collider{pos=-0.01,0.97,0.05,scale=0.15,0.14,0.22,center=0,0,0,size=0.87,1.32,0.92}	snaps=	comps=	ground=False/False	noclip=False
P	piece_CheeseBoard	Sweet Cheese Board	Misc	Wood	sup=True	supWear=True	burn=True	hp=75	fireMod=Normal	roofWear=False	layer=10	cols=Box@10 Box@10 Box@10 Box@10	rb=0.76,0.24,0.51	cb=0.51,0.23,0.48@0.17,0.98,-0.09	rbc=0.28,-0.02,-0.11	colDetail=collider{pos=2.01,-1.54,-1.17,scale=1.23,0.02,1.49,center=0,0,0,size=0.39,1.21,0.33} collider (1){pos=0.18,-0.14,0.15,scale=0.29,0.17,0.27,center=0,0,0,size=0.39,1.21,0.33} collider (2){pos=3.42,-0.96,-0.85,scale=0.29,0.07,0.27,center=0,0,0,size=0.39,1.21,0.33} collider (3){pos=4.78,-0.65,-2.05,scale=0.29,0.1,0.27,center=0,0,0,size=0.39,1.21,0.33}	snaps=	comps=	ground=False/False	noclip=False
P	piece_CheeseDeliSlice	Cheese Deli Slice	Misc	Wood	sup=True	supWear=True	burn=True	hp=10	fireMod=Normal	roofWear=False	layer=10	cols=Box@10	rb=0.33,0.02,0.27	cb=0.31,0,0.18@0,0,0.04	rbc=0,0,0	colDetail=collider{pos=0,0,0.06,scale=0,0.26,0.23,center=0,0,0,size=0.7,1.12,0.67}	snaps=	comps=	ground=False/False	noclip=False
P	piece_CheeseDeliSwiss	Swiss Cheese Deli Slice	Misc	Wood	sup=True	supWear=True	burn=True	hp=10	fireMod=Normal	roofWear=False	layer=10	cols=Box@10	rb=0.13,0,0.16	cb=0.13,0.01,0.14@0,0,0	rbc=0,0,0	colDetail=collider{pos=0,0,0.01,scale=0.19,0.01,0.2,center=0,0,0,size=0.7,1.12,0.67}	snaps=	comps=	ground=False/False	noclip=False
P	piece_CheeseHalf	Halved Cheese Wheel	Misc	Wood	sup=True	supWear=True	burn=True	hp=10	fireMod=Normal	roofWear=False	layer=10	cols=Box@10	rb=0.58,0.19,0.34	cb=0.44,0.18,0.33@0.03,0,-0.03	rbc=0,0,0	colDetail=collider{pos=0.06,0,-0.05,scale=0.21,0.16,0.19,center=0,0,0,size=1.2,1.07,2.09}	snaps=	comps=	ground=False/False	noclip=False
P	piece_CheeseWedge	Cheese Wedge	Misc	Wood	sup=True	supWear=True	burn=True	hp=10	fireMod=Normal	roofWear=False	layer=10	cols=Box@10	rb=0.26,0.19,0.29	cb=0.16,0.18,0.2@0.03,0,-0.04	rbc=0,0,0	colDetail=collider{pos=0.05,0,-0.06,scale=0.17,0.16,0.26,center=0,0,0,size=0.7,1.12,0.67}	snaps=	comps=	ground=False/False	noclip=False
P	piece_CheeseWheel	Big Ol' Cheese Wheel	Misc	Wood	sup=True	supWear=True	burn=True	hp=10	fireMod=Normal	roofWear=False	layer=10	cols=Box@10 Box@10	rb=0.58,0.19,0.58	cb=0.55,0.19,0.57@-0.01,0,0	rbc=0,0,0	colDetail=collider (1){pos=0.02,0,0,scale=0.17,0.16,0.42,center=0,0,0,size=2.12,1.21,1.17} collider{pos=-0.02,0,0,scale=0.17,0.16,0.42,center=0,0,0,size=2.12,1.21,1.17}	snaps=	comps=	ground=False/False	noclip=False
P	piece_ButterChurnLazy	Rotary Butter Churn	Crafting	Wood	sup=True	supWear=True	burn=True	hp=400	fireMod=Normal	roofWear=True	layer=10	cols=Box@10 Box@10 Mesh@10(off) Mesh@10(off) Mesh@10(off) Mesh@10(off) Mesh@10(off) Mesh@10(off) Mesh@10(off) Mesh@10(off) Mesh@10(off) Mesh@10(off) Mesh@10(off) Mesh@10(off) Mesh@10(off) Mesh@10(off) Mesh@10(off) Mesh@10(off) Mesh@10(off) Mesh@10(off) Mesh@10(off) Mesh@10(off) Mesh@10(off) Mesh@10(off) Mesh@10(off) Mesh@10(off) Mesh@10(off) Mesh@10(off) Mesh@10(off) Mesh@10(off) Mesh@10(off) Mesh@10(off) Mesh@10(off) Mesh@10(off) Mesh@10(off) Mesh@10(off)	rb=0.69,0.77,0.82	cb=0.53,0.74,0.53@0,0.37,0.01	rbc=0,0.39,-0.1	colDetail=collider{pos=0,0.41,0.01,scale=0.25,0.52,0.45,center=0,0,0,size=2.12,1.21,1.17} collider (1){pos=0,0.71,0.01,scale=0.25,0.02,0.34,center=0,0,0,size=2.12,1.21,1.17}	snaps=	comps=	ground=False/False	noclip=False
P	piece_ButterSlab	Slab o' Butter	Misc	Wood	sup=True	supWear=True	burn=True	hp=35	fireMod=Normal	roofWear=False	layer=10	cols=Box@10 Box@10	rb=0.33,0.06,0.4	cb=0.31,0.05,0.39@0,0.01,-0.01	rbc=0,0.01,0	colDetail=collider{pos=0.02,0.03,0.01,scale=0.27,0.03,0.15,center=0,0,0,size=0.7,1.12,0.67} collider (1){pos=0.01,-0.02,-0.01,scale=0.44,0.01,0.58,center=0,0,0,size=0.7,1.12,0.67}	snaps=	comps=	ground=False/False	noclip=False
P	piece_CowJuiceBottled	Bolvine Juice	Misc	Wood	sup=False	supWear=True	burn=True	hp=10	fireMod=Normal	roofWear=True	layer=10	cols=Box@10 Mesh@10(off) Mesh@10(off)	rb=0.11,0.26,0.11	cb=0.09,0.22,0.07@0,0.11,0	rbc=0,0.13,0	colDetail=collider{pos=0,0.14,0,scale=0.04,0.18,0.06,center=0,0,0,size=2.12,1.21,1.17}	snaps=	comps=	ground=False/False	noclip=False
P	piece_SourCowJuiceBottled	Sour Bolvine Juice	Misc	Wood	sup=False	supWear=True	burn=True	hp=10	fireMod=Normal	roofWear=True	layer=10	cols=Box@10 Mesh@10(off)	rb=0.11,0.26,0.11	cb=0.09,0.23,0.07@0,0.1,0	rbc=0,0.12,0	colDetail=collider{pos=0,0.14,0,scale=0.04,0.18,0.06,center=0,0,0,size=2.12,1.21,1.17}	snaps=	comps=	ground=False/False	noclip=False
P	piece_MilkMan	Milk Man Delivery	Misc	Wood	sup=True	supWear=True	burn=True	hp=100	fireMod=Normal	roofWear=True	layer=10	cols=Box@10 Mesh@10(off) Mesh@10(off) Mesh@10(off) Mesh@10(off) Mesh@10(off) Mesh@10(off) Mesh@10(off) Mesh@10(off) Mesh@10(off) Mesh@10(off) Mesh@10(off) Mesh@10(off) Mesh@10(off)	rb=0.29,0.36,0.51	cb=0.27,0.28,0.48@0,0.12,0	rbc=0,0.16,0	colDetail=collider{pos=0,0.15,0,scale=0.13,0.23,0.41,center=0,0,0,size=2.12,1.21,1.17}	snaps=	comps=	ground=False/False	noclip=False
P	piece_MilkManEmpty	Empty Milk Crate	BuildingStonecutter	Wood	sup=True	supWear=True	burn=True	hp=100	fireMod=Normal	roofWear=True	layer=10	cols=Box@10 Mesh@10(off)	rb=0.29,0.36,0.51	cb=0.26,0.27,0.46@0,0.12,0	rbc=0,0.16,0	colDetail=collider (1){pos=0,0.15,0,scale=0.12,0.22,0.4,center=0,0,0,size=2.12,1.21,1.17}	snaps=	comps=	ground=False/False	noclip=False
P	piece_MilkThing	Milk Thing	Misc	Iron	sup=True	supWear=True	burn=True	hp=250	fireMod=Resistant	roofWear=False	layer=10	cols=Box@10 Box@10 Mesh@10(off)	rb=0.35,0.75,0.35	cb=0.27,0.75,0.29@0,0.4,-0.01	rbc=0,0.4,0	colDetail=collider{pos=0,0.44,-0.01,scale=0.13,0.54,0.25,center=0,0,0,size=2.12,1.21,1.17} collider/collider (1){pos=0,0.67,0.05,scale=0.09,0.1,0.16,center=0,0,0,size=2.12,1.21,1.17}	snaps=	comps=	ground=False/False	noclip=False
P	piece_SilverJewleryBox	Silver Jewlery Box	Crafting	Wood	sup=True	supWear=True	burn=True	hp=400	fireMod=Normal	roofWear=True	layer=10	cols=Box@Default	rb=0.58,0.26,0.41	cb=0.58,0.25,0.35@-0.04,0,0	rbc=-0.02,-0.04,-0.06	colDetail=GameObject{pos=-0.08,0,0,scale=0.58,0.25,0.35,center=0,0,0,size=1,1,1}	snaps=	comps=Container	ground=False/False	noclip=False
P	piece_ChestBarrel	Large Barrel	Crafting	Wood	sup=True	supWear=True	burn=True	hp=400	fireMod=Normal	roofWear=True	layer=10	cols=Box@Default	rb=0.85,0.9,0.85	cb=0.65,0.86,0.65@0,0.44,0	rbc=0,0.43,0	colDetail=GameObject{pos=0,0.64,0,scale=0.65,0.86,0.65,center=0,0,0,size=1,1,1}	snaps=	comps=Container	ground=False/False	noclip=True
P	piece_ChestBarrelSmall	Small Barrel	Crafting	Wood	sup=True	supWear=True	burn=True	hp=400	fireMod=Normal	roofWear=True	layer=10	cols=Box@10	rb=0.7,0.73,0.7	cb=0.54,0.7,0.54@0,0.35,0	rbc=0,0.36,0	colDetail=GameObject{pos=0,0.67,0,scale=0.54,0.7,0.54,center=0,0,0,size=1,1,1}	snaps=	comps=Container	ground=False/False	noclip=True
P	piece_ChestCrateSM	Small Crate	Crafting	Wood	sup=True	supWear=True	burn=True	hp=400	fireMod=Normal	roofWear=True	layer=10	cols=Box@Default	rb=0.56,0.56,0.56	cb=0.54,0.54,0.54@0,0.28,0	rbc=0,0.28,0	colDetail=GameObject{pos=0,0.53,0.01,scale=0.54,0.54,0.54,center=0,0,0,size=1,1,1}	snaps=	comps=Container	ground=False/False	noclip=True
P	piece_ChestCrate	Sizeable Crate	Crafting	Wood	sup=True	supWear=True	burn=True	hp=400	fireMod=Normal	roofWear=True	layer=10	cols=Box@10	rb=0.89,0.89,0.89	cb=0.85,0.85,0.85@0,-0.42,0	rbc=0,-0.44,0	colDetail=GameObject{pos=0,-0.51,0,scale=0.85,0.85,0.85,center=0,0,0,size=1,1,1}	snaps=	comps=Container	ground=False/False	noclip=True
P	piece_DecoCrateBase1	Empty Crate	BuildingStonecutter	Wood	sup=True	supWear=True	burn=True	hp=400	fireMod=Normal	roofWear=True	layer=10	cols=Box@10 Box@10 Box@10 Box@10	rb=0.56,0.43,0.85	cb=0.58,0.44,0.84@0,0.21,0	rbc=0,0.21,0	colDetail=collider (3){pos=0.01,0.17,0.33,scale=0.35,0.19,0.06,center=0,0,0,size=1.61,2.25,0.76} collider (2){pos=0.01,0.18,-0.33,scale=0.35,0.19,0.06,center=0,0,0,size=1.61,2.25,0.76} collider (1){pos=0,0.03,0,scale=0.5,0.25,0.06,center=0,0,0,size=1.61,2.25,0.76} collider{pos=-0.22,0.18,0.01,scale=0.5,0.19,0.06,center=0,0,0,size=1.61,2.25,0.76}	snaps=	comps=	ground=False/False	noclip=False
P	piece_DecoCrateBase2	Tall Empty Crate	BuildingStonecutter	Wood	sup=True	supWear=True	burn=True	hp=400	fireMod=Normal	roofWear=True	layer=10	cols=Box@10 Box@10 Box@10 Box@10 Box@10	rb=0.56,0.59,0.85	cb=0.61,0.63,0.86@0,0.29,0	rbc=0,0.29,0	colDetail=collider (1){pos=0.22,0.24,0,scale=0.53,0.56,0.03,center=0,0,0,size=1.61,1.11,0.83} collider{pos=-0.21,0.24,0,scale=0.53,0.56,0.03,center=0,0,0,size=1.61,1.11,0.83} collider (2){pos=0,0.24,0.35,scale=0.34,0.56,0.03,center=0,0,0,size=1.61,1.11,0.83} collider (3){pos=0.01,0.24,-0.34,scale=0.34,0.56,0.03,center=0,0,0,size=1.61,1.11,0.83} collider (4){pos=0,0.02,0,scale=0.5,0.55,0.03,center=0,0,0,size=1.61,1.11,0.83}	snaps=	comps=	ground=False/False	noclip=False
P	piece_DecoCrateLid	Crate Lid	BuildingStonecutter	Wood	sup=True	supWear=True	burn=True	hp=400	fireMod=Normal	roofWear=True	layer=10	cols=Box@10	rb=0.57,0.04,0.85	cb=0.48,0.02,0.82@-0.72,0.94,-0.04	rbc=-0.72,0.94,-0.05	colDetail=collider{pos=-0.6,0.78,-0.04,scale=0.51,0.02,0.58,center=0,0,0,size=1.61,1.11,0.83}	snaps=	comps=	ground=False/False	noclip=False
P	piece_BasketHive	Basket Hive	Crafting	Wood	sup=True	supWear=True	burn=True	hp=400	fireMod=Normal	roofWear=True	layer=10	cols=Box@10 Box@10	rb=1.53,1.14,1.53	cb=1.07,0.95,1.07@0,0.48,0.04	rbc=0,0.57,0	colDetail=collider{pos=0,0.34,0.04,scale=1.07,1.07,0.68,center=0,0,0,size=1,1,1} collider (1){pos=0,0.71,0.01,scale=0.78,0.78,0.5,center=0,0,0,size=1,1,1}	snaps=	comps=Beehive,SpawnOnDamaged,ZSFX	ground=False/False	noclip=True
P	piece_Curtain1x1BLU	Blue Curtains 1x1	BuildingStonecutter	Wood	sup=True	supWear=True	burn=True	hp=400	fireMod=Normal	roofWear=True	layer=10	cols=Box@10	rb=0.21,1.94,0.95	cb=0.05,0.04,0.7@0,0.94,0.43	rbc=0,-0.01,0.44	colDetail=GameObject{pos=0,0.94,0.43,scale=0.05,0.04,0.7,center=0,0,0,size=1,1,1}	snaps=	comps=	ground=False/False	noclip=False
P	piece_Curtain1x2BLU	Blue Curtains 1x2	BuildingStonecutter	Wood	sup=True	supWear=True	burn=True	hp=400	fireMod=Normal	roofWear=True	layer=10	cols=Box@Default	rb=0.21,3.94,0.96	cb=0.03,0.07,0.7@0,2.05,0.52	rbc=0,0.12,0.53	colDetail=default/GameObject{pos=-39,145.8,-0.18,scale=0.03,0.07,0.7,center=0,0,0,size=1,1,1}	snaps=	comps=	ground=False/False	noclip=False
P	piece_Curtain05x1BLU	Blue Curtains 05x1	BuildingStonecutter	Wood	sup=True	supWear=True	burn=True	hp=400	fireMod=Normal	roofWear=True	layer=10	cols=Box@10	rb=0.21,1.94,0.47	cb=0.03,0.04,0.33@0,0.94,0.42	rbc=0,-0.01,0.42	colDetail=default/GameObject{pos=-39,145.8,-0.18,scale=0.03,0.04,0.33,center=0,0,0,size=1,1,1}	snaps=	comps=	ground=False/False	noclip=False
P	piece_Curtain2x2BLU	Blue Curtains 2x2	BuildingStonecutter	Wood	sup=True	supWear=True	burn=True	hp=400	fireMod=Normal	roofWear=True	layer=10	cols=Box@10	rb=0.21,3.95,2.34	cb=0.03,0.07,1.69@0,1.91,0.16	rbc=0,-0.03,0.16	colDetail=default/GameObject{pos=-39,145.8,-0.18,scale=0.03,0.07,1.69,center=0,0,0,size=1,1,1}	snaps=	comps=	ground=False/False	noclip=False
P	piece_Curtain05x2BLU	Blue Curtain 05x2	BuildingStonecutter	Wood	sup=True	supWear=True	burn=True	hp=400	fireMod=Normal	roofWear=True	layer=10	cols=Box@10	rb=0.21,3.94,0.59	cb=0.03,0.07,0.43@0,2.16,0.39	rbc=0,0.23,0.4	colDetail=default/GameObject{pos=-39,145.8,-0.18,scale=0.03,0.07,0.43,center=0,0,0,size=1,1,1}	snaps=	comps=	ground=False/False	noclip=False
P	piece_TOPPERBLU	Blue Frilly Topper	BuildingStonecutter	Wood	sup=True	supWear=True	burn=True	hp=400	fireMod=Normal	roofWear=True	layer=10	cols=Box@10 Box@10 Box@10	rb=0.21,0.41,2.25	cb=0.03,0.01,1.99@0,0.2,0.17	rbc=0,0,0.17	colDetail=default/default (2)/GameObject{pos=-39,145.8,-0.18,scale=0.03,0.01,0.68,center=0,0,0,size=1,1,1} default/default (2)/GameObject{pos=85.03,145.8,0.18,scale=0.03,0.01,0.68,center=0,0,0,size=1,1,1} default/default (2)/GameObject{pos=25.76,145.8,0.18,scale=0.03,0.01,0.68,center=0,0,0,size=1,1,1}	snaps=	comps=	ground=False/False	noclip=False
P	piece_Curtain1x1GRY	Grey Curtains 1x1	BuildingStonecutter	Wood	sup=True	supWear=True	burn=True	hp=400	fireMod=Normal	roofWear=True	layer=10	cols=Box@10	rb=0.21,1.94,1.01	cb=0.03,0.04,0.7@0,0.94,0.43	rbc=0,-0.01,0.42	colDetail=default/GameObject{pos=-39,145.8,-0.18,scale=0.03,0.04,0.7,center=0,0,0,size=1,1,1}	snaps=	comps=	ground=False/False	noclip=False
P	piece_Curtain1x2GRY	Grey Curtains 1x2	BuildingStonecutter	Wood	sup=True	supWear=True	burn=True	hp=400	fireMod=Normal	roofWear=True	layer=10	cols=Box@10	rb=0.21,3.94,1.01	cb=0.03,0.07,0.7@0,1.91,0.43	rbc=0,-0.02,0.42	colDetail=default/GameObject{pos=-39,145.8,-0.18,scale=0.03,0.07,0.7,center=0,0,0,size=1,1,1}	snaps=	comps=	ground=False/False	noclip=False
P	piece_Curtain2x2GRY	Grey Curtains 2x2	BuildingStonecutter	Wood	sup=True	supWear=True	burn=True	hp=400	fireMod=Normal	roofWear=True	layer=10	cols=Box@10	rb=0.21,3.94,2.41	cb=0.03,0.07,1.69@0,1.91,0.16	rbc=0,-0.02,0.13	colDetail=default/GameObject{pos=-39,145.8,-0.18,scale=0.03,0.07,1.69,center=0,0,0,size=1,1,1}	snaps=	comps=	ground=False/False	noclip=False
P	piece_Curtain05x1GRY	Grey Curtains 05x1	BuildingStonecutter	Wood	sup=True	supWear=True	burn=True	hp=400	fireMod=Normal	roofWear=True	layer=10	cols=Box@10	rb=0.21,1.94,0.47	cb=0.03,0.04,0.33@0,0.94,0.42	rbc=0,-0.01,0.42	colDetail=default/GameObject{pos=-39,145.8,-0.18,scale=0.03,0.04,0.33,center=0,0,0,size=1,1,1}	snaps=	comps=	ground=False/False	noclip=False
P	piece_Curtain05x2GRY	Grey Curtains 05x2	BuildingStonecutter	Wood	sup=True	supWear=True	burn=True	hp=400	fireMod=Normal	roofWear=True	layer=10	cols=Box@10	rb=0.21,3.94,0.61	cb=0.03,0.07,0.43@0,2.16,0.39	rbc=0,0.23,0.39	colDetail=default/GameObject{pos=-39,145.8,-0.18,scale=0.03,0.07,0.43,center=0,0,0,size=1,1,1}	snaps=	comps=	ground=False/False	noclip=False
P	piece_TOPPERGRY	Grey Frilly Topper	BuildingStonecutter	Wood	sup=True	supWear=True	burn=True	hp=400	fireMod=Normal	roofWear=True	layer=10	cols=Box@10 Box@10 Box@10	rb=0.21,0.41,2.25	cb=0.03,0.01,1.99@0,0.2,0.17	rbc=0,0,0.17	colDetail=GameObject{pos=0,0.2,0.82,scale=0.03,0.01,0.68,center=0,0,0,size=1,1,1} GameObject{pos=0,0.2,0.2,scale=0.03,0.01,0.68,center=0,0,0,size=1,1,1} GameObject{pos=0,0.2,-0.49,scale=0.03,0.01,0.68,center=0,0,0,size=1,1,1}	snaps=	comps=	ground=False/False	noclip=False
P	piece_Curtain1x1RED	Red Curtains 1x1	BuildingStonecutter	Wood	sup=True	supWear=True	burn=True	hp=400	fireMod=Normal	roofWear=True	layer=10	cols=Box@10	rb=0.21,1.94,0.95	cb=0.03,0.04,0.7@0,0.94,0.43	rbc=0,-0.01,0.44	colDetail=default/GameObject{pos=-39,145.8,-0.18,scale=0.03,0.04,0.7,center=0,0,0,size=1,1,1}	snaps=	comps=	ground=False/False	noclip=False
P	piece_Curtain1x2RED	Red Curtains 1x2	BuildingStonecutter	Wood	sup=True	supWear=True	burn=True	hp=400	fireMod=Normal	roofWear=True	layer=10	cols=Box@10	rb=0.21,3.94,0.97	cb=0.03,0.07,0.7@0,1.91,0.43	rbc=0,-0.02,0.44	colDetail=default/GameObject{pos=-39,145.8,-0.18,scale=0.03,0.07,0.7,center=0,0,0,size=1,1,1}	snaps=	comps=	ground=False/False	noclip=False
P	piece_Curtain2x2RED	Red Curtains 2x2	BuildingStonecutter	Wood	sup=True	supWear=True	burn=True	hp=400	fireMod=Normal	roofWear=True	layer=10	cols=Box@10	rb=0.21,3.95,2.34	cb=0.03,0.07,1.69@0,1.91,0.16	rbc=0,-0.03,0.16	colDetail=default/GameObject{pos=-39,145.8,-0.18,scale=0.03,0.07,1.69,center=0,0,0,size=1,1,1}	snaps=	comps=	ground=False/False	noclip=False
P	piece_Curtain05x1RED	Red Curtains 05x1	BuildingStonecutter	Wood	sup=True	supWear=True	burn=True	hp=400	fireMod=Normal	roofWear=True	layer=10	cols=Box@10	rb=0.21,1.94,0.47	cb=0.03,0.04,0.33@0,0.94,0.42	rbc=0,-0.01,0.42	colDetail=default/GameObject{pos=-39,145.8,-0.18,scale=0.03,0.04,0.33,center=0,0,0,size=1,1,1}	snaps=	comps=	ground=False/False	noclip=False
P	piece_Curtain05x2RED	Red Curtains 05x2	BuildingStonecutter	Wood	sup=True	supWear=True	burn=True	hp=400	fireMod=Normal	roofWear=True	layer=10	cols=Box@10	rb=0.21,3.94,0.59	cb=0.03,0.07,0.43@0,2.16,0.39	rbc=0,0.23,0.4	colDetail=default/GameObject{pos=-39,145.8,-0.18,scale=0.03,0.07,0.43,center=0,0,0,size=1,1,1}	snaps=	comps=	ground=False/False	noclip=False
P	piece_TOPPERRED	Red Frilly Topper	BuildingStonecutter	Wood	sup=True	supWear=True	burn=True	hp=400	fireMod=Normal	roofWear=True	layer=10	cols=Box@10 Box@10 Box@10	rb=0.21,0.41,2.25	cb=0.03,0.01,1.99@0,0.2,0.17	rbc=0,0,0.17	colDetail=GameObject{pos=0,0.2,0.2,scale=0.03,0.01,0.68,center=0,0,0,size=1,1,1} GameObject{pos=0,0.2,0.82,scale=0.03,0.01,0.68,center=0,0,0,size=1,1,1} GameObject{pos=0,0.2,-0.49,scale=0.03,0.01,0.68,center=0,0,0,size=1,1,1}	snaps=	comps=	ground=False/False	noclip=False
P	piece_Curtain1x1WHT	Silver Curtains 1x1	BuildingStonecutter	Wood	sup=True	supWear=True	burn=True	hp=400	fireMod=Normal	roofWear=True	layer=10	cols=Box@10	rb=0.21,1.94,0.95	cb=0.03,0.04,0.7@0,0.94,0.43	rbc=0,-0.01,0.44	colDetail=default/GameObject{pos=-39,145.8,-0.18,scale=0.03,0.04,0.7,center=0,0,0,size=1,1,1}	snaps=	comps=	ground=False/False	noclip=False
P	piece_Curtain1x2WHT	Silver Curtains 1x2	BuildingStonecutter	Wood	sup=True	supWear=True	burn=True	hp=400	fireMod=Normal	roofWear=True	layer=10	cols=Box@10	rb=0.21,3.94,0.97	cb=0.03,0.07,0.7@0,1.91,0.43	rbc=0,-0.02,0.44	colDetail=default/GameObject{pos=-39,145.8,-0.18,scale=0.03,0.07,0.7,center=0,0,0,size=1,1,1}	snaps=	comps=	ground=False/False	noclip=False
P	piece_Curtain2x2WHT	Silver Curtain 2x2	BuildingStonecutter	Wood	sup=True	supWear=True	burn=True	hp=400	fireMod=Normal	roofWear=True	layer=10	cols=Box@10	rb=0.21,3.95,2.34	cb=0.03,0.07,1.69@0,1.91,0.16	rbc=0,-0.03,0.16	colDetail=default/GameObject{pos=-39,145.8,-0.18,scale=0.03,0.07,1.69,center=0,0,0,size=1,1,1}	snaps=	comps=	ground=False/False	noclip=False
P	piece_Curtain05x1WHT	Silver Curtains 05x1	BuildingStonecutter	Wood	sup=True	supWear=True	burn=True	hp=400	fireMod=Normal	roofWear=True	layer=10	cols=Box@10	rb=0.21,1.94,0.47	cb=0.03,0.04,0.33@0,0.94,0.42	rbc=0,-0.01,0.42	colDetail=default/GameObject{pos=-39,145.8,-0.18,scale=0.03,0.04,0.33,center=0,0,0,size=1,1,1}	snaps=	comps=	ground=False/False	noclip=False
P	piece_Curtain05x2WHT	Silver Curtains 05x2	BuildingStonecutter	Wood	sup=True	supWear=True	burn=True	hp=400	fireMod=Normal	roofWear=True	layer=10	cols=Box@10	rb=0.21,3.94,0.59	cb=0.03,0.07,0.43@0,2.16,0.39	rbc=0,0.23,0.4	colDetail=default/GameObject{pos=-39,145.8,-0.18,scale=0.03,0.07,0.43,center=0,0,0,size=1,1,1}	snaps=	comps=	ground=False/False	noclip=False
P	piece_TOPPERWHT	Silver Frilly Topper	BuildingStonecutter	Wood	sup=True	supWear=True	burn=True	hp=400	fireMod=Normal	roofWear=True	layer=10	cols=Box@10 Box@10 Box@10	rb=0.21,0.41,2.25	cb=0.07,0.01,1.99@0,0.2,0.17	rbc=0,0,0.17	colDetail=GameObject{pos=0,0.2,0.2,scale=0.07,0.01,0.68,center=0,0,0,size=1,1,1} GameObject{pos=0,0.2,0.82,scale=0.07,0.01,0.68,center=0,0,0,size=1,1,1} GameObject{pos=0,0.2,-0.49,scale=0.07,0.01,0.68,center=0,0,0,size=1,1,1}	snaps=	comps=	ground=False/False	noclip=False
P	piece_SimpleCushionBlue	Blue Cushion	BuildingStonecutter	Wood	sup=True	supWear=True	burn=True	hp=250	fireMod=Resistant	roofWear=False	layer=10	cols=Mesh@10	rb=0.48,0.17,0.48	cb=0.45,0.17,0.45@0,-0.01,0	rbc=0.01,-0.02,0	colDetail=	snaps=	comps=	ground=False/False	noclip=False
P	piece_SimpleCushionGrey	Grey Cushion	BuildingStonecutter	Wood	sup=True	supWear=True	burn=True	hp=250	fireMod=Resistant	roofWear=False	layer=10	cols=Mesh@10	rb=0.48,0.17,0.47	cb=0.45,0.16,0.45@0,-0.01,0	rbc=0.01,-0.02,0	colDetail=	snaps=	comps=	ground=False/False	noclip=False
P	piece_SimpleCushionRed	Red Cushion	BuildingStonecutter	Wood	sup=True	supWear=True	burn=True	hp=250	fireMod=Resistant	roofWear=False	layer=10	cols=Mesh@10	rb=0.54,0.19,0.53	cb=0.51,0.18,0.5@0,-0.01,0	rbc=0.01,-0.02,0	colDetail=	snaps=	comps=	ground=False/False	noclip=False
P	piece_SimpleCushionSilver	Silver Cushion	BuildingStonecutter	Wood	sup=True	supWear=True	burn=True	hp=250	fireMod=Resistant	roofWear=False	layer=10	cols=Mesh@10	rb=0.51,0.18,0.51	cb=0.48,0.18,0.48@0,-0.01,0	rbc=0.01,-0.02,0	colDetail=	snaps=	comps=	ground=False/False	noclip=False
P	piece_Broom	Just a Broom	Crafting	Wood	sup=True	supWear=True	burn=True	hp=99	fireMod=Normal	roofWear=True	layer=10	cols=Box@10	rb=0.29,1.21,0.12	cb=0.04,1.15,0.06@-0.54,0.81,0.3	rbc=-0.51,0.77,0.3	colDetail=collider{pos=-27.1,40.7,14.8,scale=2.94,0.04,0.17,center=0,0,0,size=0.39,1.21,0.33}	snaps=	comps=	ground=False/False	noclip=False
P	piece_Broom2	Just Another Broom	Crafting	Wood	sup=True	supWear=True	burn=True	hp=99	fireMod=Normal	roofWear=True	layer=10	cols=Box@10	rb=0.17,1.22,0.18	cb=0.04,1.15,0.06@-0.54,0.81,0.3	rbc=-0.54,0.78,0.3	colDetail=collider{pos=-27.1,40.7,14.8,scale=2.94,0.04,0.17,center=0,0,0,size=0.39,1.21,0.33}	snaps=	comps=	ground=False/False	noclip=False
P	piece_PaintThing	Paint Thing	Crafting	Wood	sup=True	supWear=True	burn=True	hp=99	fireMod=Normal	roofWear=True	layer=10	cols=Box@10	rb=0.34,0.02,0.27	cb=0.16,0.01,0.14@0.05,0,0	rbc=0,0,0	colDetail=collider{pos=2.72,0,0,scale=0.02,0.14,0.44,center=0,0,0,size=0.39,1.21,0.33}	snaps=	comps=	ground=False/False	noclip=False
P	piece_Pitchfork	Just a Pitchfork	Crafting	Wood	sup=True	supWear=True	burn=True	hp=99	fireMod=Normal	roofWear=True	layer=10	cols=Box@10	rb=0.26,1.13,0.07	cb=0.04,1.15,0.06@-0.54,0.69,0.3	rbc=-0.54,0.71,0.29	colDetail=collider{pos=-27.1,34.7,14.8,scale=2.94,0.04,0.17,center=0,0,0,size=0.39,1.21,0.33}	snaps=	comps=	ground=False/False	noclip=False
P	piece_FARMHay	Loose Messy Hay	Crafting	Wood	sup=True	supWear=True	burn=True	hp=99	fireMod=Normal	roofWear=True	layer=10	cols=Box@10	rb=1.45,0.23,0.55	cb=0.27,0.04,0.23@0.88,0.4,0.01	rbc=0.52,0.44,0.02	colDetail=collider{pos=43.78,20,0.28,scale=0.68,0.04,0.7,center=0,0,0,size=0.39,1.21,0.33}	snaps=	comps=	ground=False/False	noclip=False
P	piece_FARMHay3	Large Hay Bale	Crafting	Wood	sup=True	supWear=True	burn=True	hp=400	fireMod=Normal	roofWear=True	layer=10	cols=Box@10	rb=1.49,1.28,1.57	cb=0.99,1.11,1.27@0,0,0	rbc=0,-0.01,0	colDetail=collider{pos=0,0,0,scale=2.53,0.92,3.84,center=0,0,0,size=0.39,1.21,0.33}	snaps=	comps=	ground=False/False	noclip=False
P	piece_FARMHay4	Smaller Hay Bale	Crafting	Wood	sup=True	supWear=True	burn=True	hp=99	fireMod=Normal	roofWear=True	layer=10	cols=Box@10	rb=0.79,0.68,0.84	cb=0.53,0.59,0.68@0,0,0	rbc=0,0,0	colDetail=collider{pos=0,0,0,scale=1.36,0.49,2.06,center=0,0,0,size=0.39,1.21,0.33}	snaps=	comps=	ground=False/False	noclip=False
P	piece_LaundryLine	Empty Laundry Line	BuildingStonecutter	Wood	sup=True	supWear=True	burn=True	hp=99	fireMod=Normal	roofWear=True	layer=10	cols=Box@10 Box@10 Box@10 Box@10	rb=6.66,3.09,0.34	cb=6.51,2.87,0.19@0.03,1.35,0.64	rbc=0,1.46,0.62	colDetail=collider{pos=-37,26.9,13.3,scale=7.35,0.09,0.43,center=0,0,0,size=0.39,1.21,0.33} collider (1){pos=37.7,26.9,12.3,scale=7.35,0.09,0.43,center=0,0,0,size=0.39,1.21,0.33} collider (2){pos=64.25,2.76,12.74,scale=1.1,0.11,0.45,center=0,0,0,size=0.39,1.21,0.33} collider (3){pos=-63.22,2.76,13.09,scale=1.1,0.11,0.45,center=0,0,0,size=0.39,1.21,0.33}	snaps=	comps=	ground=False/False	noclip=False
P	piece_LaundryLineBloody	Bloodied Laundry Line	BuildingStonecutter	Wood	sup=True	supWear=True	burn=True	hp=99	fireMod=Normal	roofWear=True	layer=10	cols=Box@10 Box@10 Box@10 Box@10	rb=6.66,3.09,0.34	cb=6.51,2.87,0.19@0.03,1.35,0.64	rbc=0,1.46,0.62	colDetail=collider{pos=-37,26.9,13.3,scale=7.35,0.09,0.43,center=0,0,0,size=0.39,1.21,0.33} collider (1){pos=37.7,26.9,12.3,scale=7.35,0.09,0.43,center=0,0,0,size=0.39,1.21,0.33} collider (2){pos=64.25,2.76,12.74,scale=1.1,0.11,0.45,center=0,0,0,size=0.39,1.21,0.33} collider (3){pos=-63.22,2.76,13.09,scale=1.1,0.11,0.45,center=0,0,0,size=0.39,1.21,0.33}	snaps=	comps=	ground=False/False	noclip=False
P	piece_LaundryLineClean	Fresh Laundry Line	BuildingStonecutter	Wood	sup=True	supWear=True	burn=True	hp=99	fireMod=Normal	roofWear=True	layer=10	cols=Box@10 Box@10 Box@10 Box@10	rb=6.66,3.09,0.34	cb=6.51,2.87,0.19@0.03,1.35,0.64	rbc=0,1.46,0.62	colDetail=collider{pos=-37,26.9,13.3,scale=7.35,0.09,0.43,center=0,0,0,size=0.39,1.21,0.33} collider (1){pos=37.7,26.9,12.3,scale=7.35,0.09,0.43,center=0,0,0,size=0.39,1.21,0.33} collider (2){pos=64.25,2.76,12.74,scale=1.1,0.11,0.45,center=0,0,0,size=0.39,1.21,0.33} collider (3){pos=-63.22,2.76,13.09,scale=1.1,0.11,0.45,center=0,0,0,size=0.39,1.21,0.33}	snaps=	comps=	ground=False/False	noclip=False
P	piece_MoreBucket	Hangable Bucket	Crafting	Wood	sup=True	supWear=True	burn=True	hp=99	fireMod=Normal	roofWear=True	layer=10	cols=Box@10 Box@10	rb=0.5,0.69,0.5	cb=0.29,0.69,0.32@0,0.33,0	rbc=0,0.34,0	colDetail=collider{pos=0,0.28,0,scale=0.83,0.36,0.87,center=0,0,0,size=0.39,1.21,0.33} collider (1){pos=0,0.92,0,scale=0.09,0.02,0.25,center=0,0,0,size=0.39,1.21,0.33}	snaps=	comps=	ground=False/False	noclip=False
P	piece_TubEmpty	Empty Tub	Crafting	Wood	sup=True	supWear=True	burn=True	hp=99	fireMod=Normal	roofWear=True	layer=10	cols=Box@10 Box@10 Box@10 Box@10 Box@10 Box@10 Box@10 Box@10 Box@10 Box@10	rb=1.14,0.52,1.27	cb=1.19,0.55,1.32@-0.02,0.33,0	rbc=0,0.33,0	colDetail=GameObject (1){pos=0.46,0.33,0.03,scale=0.06,0.53,0.37,center=0,0,0,size=1,1,1} GameObject (2){pos=0.4,0.32,0.31,scale=0.05,0.53,0.38,center=0,0,0,size=1,1,1} GameObject (3){pos=0.17,0.33,0.57,scale=0.05,0.53,0.41,center=0,0,0,size=1,1,1} GameObject (4){pos=-0.12,0.33,0.6,scale=0.05,0.53,0.42,center=0,0,0,size=1,1,1} GameObject (5){pos=-0.36,0.34,0.41,scale=0.05,0.53,0.39,center=0,0,0,size=1,1,1} GameObject (6){pos=-0.49,0.32,0.11,scale=0.06,0.53,0.37,center=0,0,0,size=1,1,1} GameObject (7){pos=-0.43,0.34,-0.27,scale=0.05,0.53,0.38,center=0,0,0,size=1,1,1} GameObject (8){pos=-0.21,0.33,-0.57,scale=0.05,0.53,0.42,center=0,0,0,size=1,1,1} GameObject (9){pos=0.19,0.33,-0.58,scale=0.05,0.53,0.42,center=0,0,0,size=1,1,1} GameObject (10){pos=0.02,0.09,-0.01,scale=0.05,0.76,0.69,center=0,0,0,size=1,1,1}	snaps=	comps=	ground=False/False	noclip=False
P	piece_TubH20	Water Filled Tub	BuildingStonecutter	Wood	sup=True	supWear=True	burn=True	hp=99	fireMod=Normal	roofWear=True	layer=10	cols=Box@10 Box@10 Box@10 Box@10 Box@10 Box@10 Box@10 Box@10 Box@10 Box@10 Box@10	rb=1.14,0.52,1.27	cb=1.19,0.59,1.32@-0.02,0.32,0	rbc=0,0.33,0	colDetail=lol{pos=0.46,0.33,0.03,scale=0.06,0.53,0.37,center=0,0,0,size=1,1,1} GameObject (2){pos=0.4,0.32,0.31,scale=0.05,0.53,0.38,center=0,0,0,size=1,1,1} GameObject (3){pos=0.17,0.33,0.57,scale=0.05,0.53,0.41,center=0,0,0,size=1,1,1} GameObject (4){pos=-0.12,0.33,0.6,scale=0.05,0.53,0.42,center=0,0,0,size=1,1,1} GameObject (5){pos=-0.36,0.34,0.41,scale=0.05,0.53,0.39,center=0,0,0,size=1,1,1} GameObject (6){pos=-0.49,0.32,0.11,scale=0.06,0.53,0.37,center=0,0,0,size=1,1,1} GameObject (7){pos=-0.43,0.34,-0.27,scale=0.05,0.53,0.38,center=0,0,0,size=1,1,1} GameObject (8){pos=-0.21,0.33,-0.57,scale=0.05,0.53,0.42,center=0,0,0,size=1,1,1} GameObject (9){pos=0.19,0.33,-0.58,scale=0.05,0.53,0.42,center=0,0,0,size=1,1,1} GameObject (10){pos=0.46,0.3,-0.12,scale=0.06,0.53,0.37,center=0,0,0,size=1,1,1} GameObject (11){pos=0.02,0.08,-0.01,scale=0.05,0.76,0.69,center=0,0,0,size=1,1,1}	snaps=	comps=	ground=False/False	noclip=False
P	piece_FARMTrough	Slop Trough	Crafting	Wood	sup=True	supWear=True	burn=True	hp=200	fireMod=Normal	roofWear=True	layer=10	cols=Box@10 Box@10 Box@10 Box@10 Box@10	rb=3.11,0.33,0.99	cb=2.99,0.43,1.04@0.6,0.4,0	rbc=0.99,0.7,-0.01	colDetail=collider (1){pos=31.1,23.8,15.6,scale=7.31,0.06,0.71,center=0,0,0,size=0.39,1.21,0.33} collider (2){pos=30.7,23.8,-15.6,scale=7.31,0.06,0.71,center=0,0,0,size=0.39,1.21,0.33} collider (3){pos=77.7,23.8,0,scale=2.53,0.06,0.71,center=0,0,0,size=0.39,1.21,0.33} collider (4){pos=-15,23.8,0.9,scale=2.53,0.06,0.71,center=0,0,0,size=0.39,1.21,0.33} collider (5){pos=30.8,16.9,0,scale=7.67,0.16,2.35,center=0,0,0,size=0.39,1.21,0.33}	snaps=	comps=	ground=False/False	noclip=False
P	piece_FARMTroughH20	Water Trough	Crafting	Wood	sup=True	supWear=True	burn=True	hp=200	fireMod=Normal	roofWear=True	layer=10	cols=Box@10 Box@10 Box@10 Box@10 Box@10	rb=3.69,0.39,1.17	cb=3.55,0.5,1.23@0.6,0.4,0	rbc=1.16,0.83,-0.01	colDetail=collider{pos=30.8,17.4,0,scale=9.11,0.21,2.79,center=0,0,0,size=0.39,1.21,0.33} collider (1){pos=31.1,23.8,15.6,scale=8.68,0.07,0.84,center=0,0,0,size=0.39,1.21,0.33} collider (2){pos=30.7,23.8,-15.6,scale=8.68,0.07,0.84,center=0,0,0,size=0.39,1.21,0.33} collider (3){pos=77.7,23.8,-0.4,scale=3,0.07,0.84,center=0,0,0,size=0.39,1.21,0.33} collider (4){pos=-15,23.8,0.9,scale=3,0.07,0.84,center=0,0,0,size=0.39,1.21,0.33}	snaps=	comps=	ground=False/False	noclip=False
P	piece_Wheelbarrow	Simple Wheelbarrow	Crafting	Wood	sup=True	supWear=True	burn=True	hp=200	fireMod=Normal	roofWear=True	layer=10	cols=Box@10 Box@10 Box@10 Box@10 Box@10 Box@10 Box@10 Box@10 Box@10	rb=0.89,0.85,2.33	cb=0.91,0.9,2.31@0.01,0.29,-0.1	rbc=0,0.31,-0.08	colDetail=collider{pos=-0.01,0.19,0.06,scale=1.36,0.16,1.43,center=0,0,0,size=0.55,0.51,0.73} collider (1){pos=-0.01,0.31,0.39,scale=1.42,0.43,0.4,center=0,0,0,size=0.55,1.2,0.4} collider (2){pos=0.24,0.31,0.13,scale=1.98,0.43,0.19,center=0,0,0,size=0.55,1.2,0.4} collider (3){pos=-0.23,0.32,0.13,scale=1.98,0.43,0.19,center=0,0,0,size=0.55,1.2,0.4} collider (4){pos=-0.26,0.09,-0.15,scale=0.11,0.43,0.19,center=0,0,0,size=0.55,1.2,0.4} collider (5){pos=0.25,0.09,-0.17,scale=0.11,0.43,0.19,center=0,0,0,size=0.55,1.2,0.4} collider (6){pos=0.21,0.26,-0.47,scale=1.98,0.07,0.19,center=0,0,0,size=0.55,1.2,0.4} collider (7){pos=-0.24,0.27,-0.51,scale=1.98,0.07,0.19,center=0,0,0,size=0.55,1.2,0.4} collider (8){pos=0.01,0.1,0.55,scale=0.95,0.41,0.19,center=0,0,0,size=0.55,1.2,0.4}	snaps=	comps=	ground=False/False	noclip=True
P	piece_BirdCage	Large Bird Cage	BuildingStonecutter	Wood	sup=True	supWear=True	burn=True	hp=200	fireMod=Normal	roofWear=True	layer=10	cols=Box@10 Box@10 Box@10 Box@10 Box@10 Box@10	rb=0.61,1.41,0.61	cb=0.61,1.1,0.61@0,0.26,-0.01	rbc=0,0.71,0	colDetail=GameObject{pos=0,1.44,0,scale=0.41,0.1,0.49,center=0,0,0,size=1,1,1} GameObject (1){pos=8.76,16.12,-0.47,scale=0.03,1.07,0.04,center=0,0,0,size=1,1,1} GameObject (2){pos=-0.12,15.97,-8.33,scale=0.03,1.07,0.04,center=0,0,0,size=1,1,1} GameObject (3){pos=-8.61,15.9,-0.48,scale=0.03,1.07,0.04,center=0,0,0,size=1,1,1} GameObject (4){pos=0.11,15.71,8.73,scale=0.03,1.07,0.04,center=0,0,0,size=1,1,1} GameObject (5){pos=0,31.6,0,scale=0.33,0.06,0.39,center=0,0,0,size=1,1,1}	snaps=	comps=	ground=False/False	noclip=False
P	piece_BirdCageSm	Small Bird Cage	BuildingStonecutter	Wood	sup=True	supWear=True	burn=True	hp=200	fireMod=Normal	roofWear=True	layer=10	cols=Box@10 Box@10 Box@10 Box@10 Box@10 Box@10	rb=0.36,0.84,0.36	cb=0.36,0.65,0.37@0,0.32,0	rbc=0,0.42,0	colDetail=GameObject{pos=0,1.44,0,scale=0.25,0.06,0.29,center=0,0,0,size=1,1,1} GameObject (1){pos=8.76,16.12,-0.47,scale=0.02,0.64,0.02,center=0,0,0,size=1,1,1} GameObject (2){pos=-0.12,15.97,-8.33,scale=0.02,0.64,0.02,center=0,0,0,size=1,1,1} GameObject (3){pos=-8.61,15.9,-0.48,scale=0.02,0.64,0.02,center=0,0,0,size=1,1,1} GameObject (4){pos=0.11,15.71,8.73,scale=0.02,0.64,0.02,center=0,0,0,size=1,1,1} GameObject (5){pos=0,31.6,0,scale=0.2,0.04,0.23,center=0,0,0,size=1,1,1}	snaps=	comps=	ground=False/False	noclip=False
P	piece_BookshelfHalf	Half Full Bookshelf	BuildingStonecutter	Wood	sup=True	supWear=True	burn=True	hp=400	fireMod=Normal	roofWear=True	layer=10	cols=Box@10 Box@10 Box@10 Box@10 Box@10 Box@10 Box@10 Box@10	rb=3.34,3.99,3.38	cb=2.49,3.93,0.66@1,1.36,0.31	rbc=1,1.35,0.31	colDetail=collider (8){pos=51,64.6,15.4,scale=6.28,0.04,1.25,center=0,0,0,size=0.39,1.21,0.33} collider (9){pos=51,92.9,15.4,scale=6.28,0.04,1.25,center=0,0,0,size=0.39,1.21,0.33} collider (10){pos=51,120.5,15.4,scale=6.28,0.04,1.25,center=0,0,0,size=0.39,1.21,0.33} collider (11){pos=51,38,15.4,scale=6.28,0.04,1.25,center=0,0,0,size=0.39,1.21,0.33} collider (12){pos=51,11.8,15.4,scale=6.28,0.04,1.25,center=0,0,0,size=0.39,1.21,0.33} collider (13){pos=51,-13.8,15.4,scale=6.28,0.04,1.25,center=0,0,0,size=0.39,1.21,0.33} collider (14){pos=51,165,12.6,scale=5.46,0.04,1.68,center=0,0,0,size=0.39,1.21,0.33} collider (15){pos=49.3,67.1,29,scale=6.32,3.23,0.35,center=0,0,0,size=0.39,1.21,0.33}	snaps=	comps=	ground=False/False	noclip=False
P	piece_BookshelfHalf2	Another Half Full Bookshelf	BuildingStonecutter	Wood	sup=True	supWear=True	burn=True	hp=400	fireMod=Normal	roofWear=True	layer=10	cols=Box@10 Box@10 Box@10 Box@10 Box@10 Box@10 Box@10 Box@10	rb=3.34,3.99,3.38	cb=2.49,3.93,0.66@1,1.36,0.31	rbc=1,1.35,0.31	colDetail=collider (8){pos=51,64.6,15.4,scale=6.28,0.04,1.25,center=0,0,0,size=0.39,1.21,0.33} collider (9){pos=51,92.9,15.4,scale=6.28,0.04,1.25,center=0,0,0,size=0.39,1.21,0.33} collider (10){pos=51,120.5,15.4,scale=6.28,0.04,1.25,center=0,0,0,size=0.39,1.21,0.33} collider (11){pos=51,38,15.4,scale=6.28,0.04,1.25,center=0,0,0,size=0.39,1.21,0.33} collider (12){pos=51,11.8,15.4,scale=6.28,0.04,1.25,center=0,0,0,size=0.39,1.21,0.33} collider (13){pos=51,-13.8,15.4,scale=6.28,0.04,1.25,center=0,0,0,size=0.39,1.21,0.33} collider (14){pos=51,165,12.6,scale=5.46,0.04,1.68,center=0,0,0,size=0.39,1.21,0.33} collider (15){pos=49.3,67.1,29,scale=6.32,3.23,0.35,center=0,0,0,size=0.39,1.21,0.33}	snaps=	comps=	ground=False/False	noclip=False
P	piece_BookshelfFULL	Full Bookshelf	BuildingStonecutter	Wood	sup=True	supWear=True	burn=True	hp=200	fireMod=Normal	roofWear=True	layer=10	cols=Box@10 Box@10 Box@10 Box@10 Box@10 Box@10 Box@10 Box@10	rb=3.34,3.99,3.38	cb=2.49,3.93,0.66@1,1.36,0.31	rbc=1,1.35,0.31	colDetail=collider (8){pos=51,64.6,15.4,scale=6.28,0.04,1.25,center=0,0,0,size=0.39,1.21,0.33} collider (9){pos=51,92.9,15.4,scale=6.28,0.04,1.25,center=0,0,0,size=0.39,1.21,0.33} collider (10){pos=51,120.5,15.4,scale=6.28,0.04,1.25,center=0,0,0,size=0.39,1.21,0.33} collider (11){pos=51,38,15.4,scale=6.28,0.04,1.25,center=0,0,0,size=0.39,1.21,0.33} collider (12){pos=51,11.8,15.4,scale=6.28,0.04,1.25,center=0,0,0,size=0.39,1.21,0.33} collider (13){pos=51,-13.8,15.4,scale=6.28,0.04,1.25,center=0,0,0,size=0.39,1.21,0.33} collider (14){pos=51,165,12.6,scale=5.46,0.04,1.68,center=0,0,0,size=0.39,1.21,0.33} collider (15){pos=49.3,67.1,29,scale=6.32,3.23,0.35,center=0,0,0,size=0.39,1.21,0.33}	snaps=	comps=	ground=False/False	noclip=False
P	piece_BookshelfFULL2	Another Full Bookshelf	BuildingStonecutter	Wood	sup=True	supWear=True	burn=True	hp=400	fireMod=Normal	roofWear=True	layer=10	cols=Box@10 Box@10 Box@10 Box@10 Box@10 Box@10 Box@10 Box@10	rb=3.34,3.99,3.38	cb=2.49,3.93,0.66@1,1.36,0.31	rbc=1,1.35,0.31	colDetail=collider (23){pos=51,64.6,15.4,scale=6.28,0.04,1.25,center=0,0,0,size=0.39,1.21,0.33} collider (22){pos=51,92.9,15.4,scale=6.28,0.04,1.25,center=0,0,0,size=0.39,1.21,0.33} collider (21){pos=51,120.5,15.4,scale=6.28,0.04,1.25,center=0,0,0,size=0.39,1.21,0.33} collider (20){pos=51,38,15.4,scale=6.28,0.04,1.25,center=0,0,0,size=0.39,1.21,0.33} collider (19){pos=51,11.8,15.4,scale=6.28,0.04,1.25,center=0,0,0,size=0.39,1.21,0.33} collider (18){pos=51,-13.8,15.4,scale=6.28,0.04,1.25,center=0,0,0,size=0.39,1.21,0.33} collider (17){pos=51,165,12.6,scale=5.46,0.04,1.68,center=0,0,0,size=0.39,1.21,0.33} collider (16){pos=49.3,67.1,29,scale=6.32,3.23,0.35,center=0,0,0,size=0.39,1.21,0.33}	snaps=	comps=	ground=False/False	noclip=False
P	piece_BookshelfLite	Barren Bookshelf	BuildingStonecutter	Wood	sup=True	supWear=True	burn=True	hp=400	fireMod=Normal	roofWear=True	layer=10	cols=Box@10 Box@10 Box@10 Box@10 Box@10 Box@10 Box@10 Box@10	rb=3.34,3.99,3.38	cb=2.49,3.93,0.66@1,1.36,0.31	rbc=1,1.35,0.31	colDetail=collider (15){pos=49.3,67.1,29,scale=6.32,3.23,0.35,center=0,0,0,size=0.39,1.21,0.33} collider (14){pos=51,165,12.6,scale=5.46,0.04,1.68,center=0,0,0,size=0.39,1.21,0.33} collider (13){pos=51,-13.8,15.4,scale=6.28,0.04,1.25,center=0,0,0,size=0.39,1.21,0.33} collider (12){pos=51,11.8,15.4,scale=6.28,0.04,1.25,center=0,0,0,size=0.39,1.21,0.33} collider (11){pos=51,38,15.4,scale=6.28,0.04,1.25,center=0,0,0,size=0.39,1.21,0.33} collider (10){pos=51,120.5,15.4,scale=6.28,0.04,1.25,center=0,0,0,size=0.39,1.21,0.33} collider (9){pos=51,92.9,15.4,scale=6.28,0.04,1.25,center=0,0,0,size=0.39,1.21,0.33} collider (8){pos=51,64.6,15.4,scale=6.28,0.04,1.25,center=0,0,0,size=0.39,1.21,0.33}	snaps=	comps=	ground=False/False	noclip=False
P	piece_crib	Simple Crib	BuildingStonecutter	Wood	sup=True	supWear=True	burn=True	hp=200	fireMod=Normal	roofWear=True	layer=10	cols=Box@10 Box@10 Box@10 Box@10 Box@10	rb=1.74,0.82,0.81	cb=1.79,0.71,0.81@0.02,0.16,0	rbc=0,0.24,0	colDetail=collider{pos=0,0.07,0.02,scale=0.65,8.1,0.62,center=0,0,0,size=2.45,0.02,1.22} collider (2){pos=-0.36,0.2,0,scale=0.48,1,0.66,center=1.03,0.05,0,size=0.13,0.7,1.22} collider (3){pos=1.34,0.2,0,scale=0.48,1,0.66,center=1.03,0.05,0,size=0.13,0.7,1.22} collider (4){pos=0.02,0.11,-0.07,scale=0.44,1,1.46,center=1.03,0.05,0,size=0.13,0.7,1.22} collider (5){pos=0.02,0.11,-0.82,scale=0.44,1,1.46,center=1.03,0.05,0,size=0.13,0.7,1.22}	snaps=	comps=	ground=False/False	noclip=True
P	piece_DeerTrophy	Elkthyr Game Trophy	BuildingStonecutter	Wood	sup=True	supWear=True	burn=True	hp=200	fireMod=Normal	roofWear=True	layer=10	cols=Box@10 Box@10 Box@10 Box@10 Box@10 Box@10 Box@10 Box@10 Box@10 Box@10 Box@10 Box@10 Box@10 Box@10 Box@10 Box@10 Box@10 Box@10 Box@10 Box@10 Box@10 Box@10 Box@10 Box@10 Box@10 Box@10 Box@10 Box@10 Box@10 Box@10	rb=2.71,2.83,2.52	cb=2.47,2.13,1.59@1,1.48,0.41	rbc=1.08,1.35,0.37	colDetail=collider{pos=52.04,42.2,-18.7,scale=1.3,0.71,0.08,center=0,0,0,size=0.39,1.21,0.33} f{pos=75.1,72.68,0.7,scale=0.24,0.06,2.29,center=0,0,0,size=0.39,1.21,0.33} u{pos=29.02,69.64,3.8,scale=0.23,0.07,2.42,center=0,0,0,size=0.39,1.21,0.33} c{pos=10.5,79.3,12.41,scale=0.31,0.1,2.42,center=0,0,0,size=0.39,1.21,0.33} k{pos=-6.1,87.6,36.68,scale=0.13,0.05,1.47,center=0,0,0,size=0.39,1.21,0.33} m{pos=-1.9,96.7,24.1,scale=0.22,0.07,1.76,center=0,0,0,size=0.39,1.21,0.33} y{pos=-9.29,113.76,37.86,scale=0.04,0.02,0.72,center=0,0,0,size=0.39,1.21,0.33} l{pos=4.5,111.24,34.76,scale=0.04,0.02,1.1,center=0,0,0,size=0.39,1.21,0.33} i{pos=-5.09,115.48,32.16,scale=0.04,0.02,0.72,center=0,0,0,size=0.39,1.21,0.33} F{pos=-7.37,90.31,54.32,scale=0.06,0.01,0.72,center=0,0,0,size=0.39,1.21,0.33} e{pos=90.55,83.53,5.28,scale=0.18,0.04,1.94,center=0,0,0,size=0.39,1.21,0.33} collider (11){pos=104,106.4,21.6,scale=0.13,0.03,1.69,center=0,0,0,size=0.39,1.21,0.33} collider (12){pos=102.29,121.01,29.08,scale=0.04,0.02,0.84,center=0,0,0,size=0.39,1.21,0.33} collider (13){pos=95.62,115.2,32.46,scale=0.08,0.02,1,center=0,0,0,size=0.39,1.21,0.33} collider (14){pos=107.51,99.63,28.81,scale=0.13,0.03,1.95,center=0,0,0,size=0.39,1.21,0.33} collider (15){pos=107,102.76,46.77,scale=0.05,0.01,0.83,center=0,0,0,size=0.39,1.21,0.33} collider (16){pos=110.78,102.44,45.73,scale=0.05,0.01,0.57,center=0,0,0,size=0.39,1.21,0.33} collider (17){pos=52.04,65,-9,scale=0.71,0.03,0.71,center=0,0,0,size=0.39,1.21,0.33} collider (18){pos=52.04,46.6,-10.4,scale=0.71,0.51,0.52,center=0,0,0,size=0.39,1.21,0.33} collider (19){pos=10.34,68.3,24.1,scale=0.06,0.02,1.34,center=0,0,0,size=0.39,1.21,0.33} collider (20){pos=5.59,66.69,34.8,scale=0.01,0.01,0.42,center=0,0,0,size=0.39,1.21,0.33} collider (21){pos=40.31,56.53,9.76,scale=0.09,0.03,2.05,center=0,0,0,size=0.39,1.21,0.33} collider (22){pos=28.34,48.13,32.95,scale=0.06,0.02,1.04,center=0,0,0,size=0.39,1.21,0.33} collider (23){pos=75.69,48.84,29.14,scale=0.04,0.01,0.69,center=0,0,0,size=0.39,1.21,0.33} collider (24){pos=64.93,55.56,10.27,scale=0.09,0.03,1.56,center=0,0,0,size=0.39,1.21,0.33} collider (25){pos=73.7,64.5,3.3,scale=0.06,0.02,0.76,center=0,0,0,size=0.39,1.21,0.33} collider (26){pos=87.64,58.31,14.72,scale=0.02,0.01,0.49,center=0,0,0,size=0.39,1.21,0.33} collider (27){pos=81.57,61.57,8.02,scale=0.05,0.01,0.64,center=0,0,0,size=0.39,1.21,0.33} collider (28){pos=94.51,73.06,17.56,scale=0.02,0.01,1.49,center=0,0,0,size=0.39,1.21,0.33} collider (29){pos=99.78,70.23,34.08,scale=0.02,0.01,0.51,center=0,0,0,size=0.39,1.21,0.33}	snaps=	comps=	ground=False/False	noclip=False
P	piece_trollhdrg	Whiskered Troll Hide Rug	BuildingStonecutter	Wood	sup=True	supWear=True	burn=True	hp=50	fireMod=Normal	roofWear=True	layer=10	cols=Box@16	rb=7.27,0.17,7.27	cb=3.41,0.06,5.11@0,50.04,0	rbc=0,0.05,0	colDetail=collider{pos=0,0.02,0,scale=1.7,1.22,1.7,center=0,0,0,size=2,0.05,3}	snaps=	comps=	ground=False/False	noclip=False
P	piece_desk	ARKELSTORP Desk	BuildingStonecutter	Wood	sup=True	supWear=True	burn=True	hp=200	fireMod=Normal	roofWear=True	layer=10	cols=Box@10 Box@10 Box@10	rb=2.6,0.98,1.37	cb=2.4,0.98,1.22@0,0.01,0.18	rbc=0,0.01,0.15	colDetail=collider{pos=0,0.38,0.18,scale=0.98,12.19,1,center=0,0,0,size=2.45,0.02,1.22} collider (1){pos=0.12,-0.18,0.15,scale=0.98,1,0.68,center=1.03,0.05,0,size=0.13,0.7,1.22} collider (2){pos=-0.1,-0.18,0.18,scale=0.98,1,0.68,center=1.03,0.05,0,size=0.13,0.7,1.22}	snaps=	comps=	ground=False/False	noclip=True
P	piece_DeskChair	SVENBERTIL Desk Chair	BuildingStonecutter	Wood	sup=True	supWear=True	burn=True	hp=200	fireMod=Normal	roofWear=True	layer=10	cols=Box@10 Box@10	rb=1.11,1.56,1.1	cb=0.55,1.21,0.57@-0.01,0.59,-0.06	rbc=0.01,0.72,-0.03	colDetail=collider{pos=-0.01,0.24,-0.04,scale=0.95,1,0.73,center=0,0,0,size=0.55,0.51,0.73} collider (1){pos=-0.01,0.59,-0.29,scale=1,1,0.28,center=0,0,0,size=0.55,1.2,0.4}	snaps=	comps=Chair	ground=False/False	noclip=True
P	piece_DeskStool	KYRRE Stool	BuildingStonecutter	Wood	sup=True	supWear=True	burn=True	hp=200	fireMod=Normal	roofWear=True	layer=10	cols=Box@10	rb=0.67,0.55,0.67	cb=0.51,0.53,0.51@-0.01,0.2,-0.09	rbc=0.01,0.21,-0.09	colDetail=collider{pos=-0.01,0.2,-0.09,scale=0.93,1.04,0.7,center=0,0,0,size=0.55,0.51,0.73}	snaps=	comps=Chair	ground=False/False	noclip=True
P	piece_EndTable	SWIGELSKOF Endtable	BuildingStonecutter	Wood	sup=True	supWear=True	burn=True	hp=200	fireMod=Normal	roofWear=True	layer=10	cols=Box@10 Box@10 Box@10 Box@10 Box@10	rb=0.57,0.83,0.38	cb=0.54,0.82,0.35@0.09,-0.02,0.05	rbc=0.09,-0.01,0.04	colDetail=collider{pos=0.19,0.36,0.08,scale=0.21,18.19,0.27,center=0,0,0,size=2.45,0.02,1.22} collider (1){pos=0.63,-0.17,0.34,scale=0.02,32.86,0.04,center=0,0,0,size=2.45,0.02,1.22} collider (2){pos=0.64,-0.17,-0.18,scale=0.02,32.86,0.04,center=0,0,0,size=2.45,0.02,1.22} collider (3){pos=-0.31,-0.17,-0.18,scale=0.02,32.86,0.04,center=0,0,0,size=2.45,0.02,1.22} collider (4){pos=-0.31,-0.17,0.33,scale=0.02,32.86,0.04,center=0,0,0,size=2.45,0.02,1.22}	snaps=	comps=	ground=False/False	noclip=True
P	piece_FancyBed	Fancy NORDLI Bed	BuildingStonecutter	Wood	sup=True	supWear=True	burn=True	hp=200	fireMod=Normal	roofWear=True	layer=10	cols=Box@10 Box@10 Box@10 Sphere*@14	rb=3.73,1.25,4.14	cb=40,40,40@0.04,-0.18,0	rbc=0.16,0.17,0.13	colDetail=piece_FancyBed(Clone){pos=0,0,0,scale=1,1,1,center=0,0.19,0,size=2.3,0.47,3} collider{pos=0.04,-0.44,-2.19,scale=1,0.55,0.48,center=0,0.73,1.43,size=2.3,1.45,0.34} collider (1){pos=0.04,-0.06,0.58,scale=1,1.01,0.69,center=0,0,1.72,size=2.3,0.7,0.23}	snaps=	comps=Bed,EffectArea	ground=False/False	noclip=True
P	piece_ExoticBed	Imported Exotic Bed	BuildingStonecutter	Wood	sup=True	supWear=True	burn=True	hp=200	fireMod=Normal	roofWear=True	layer=10	cols=Box@10 Box@10 Box@10 Box@10 Sphere*@14	rb=2.71,1.2,3.39	cb=34.99,34.99,34.99@0,-0.02,-0.19	rbc=0.05,0.24,-0.19	colDetail=piece_ExoticBed(Clone){pos=0,0,0,scale=1,1,1,center=0,0.19,0,size=3.2,0.47,3} collider (1){pos=0,0.18,0.32,scale=1.08,1.52,0.6,center=0,0,1.72,size=2.3,0.7,0.23} collider (2){pos=0,0.18,-2.79,scale=1.08,1.52,0.6,center=0,0,1.72,size=2.3,0.7,0.23} collider (3){pos=0.27,0.19,-0.23,scale=1.39,1.52,0.55,center=0,0,1.72,size=2.3,0.7,0.23}	snaps=	comps=Bed,EffectArea	ground=False/False	noclip=True
P	piece_FancyBench	Fancy Bench	BuildingStonecutter	Wood	sup=True	supWear=True	burn=True	hp=200	fireMod=Normal	roofWear=True	layer=10	cols=Box@10 Box@10 Box@16 Box@16 Box@16	rb=3.25,1.43,2.33	cb=2.57,0.89,0.74@0.03,50.45,-0.09	rbc=0.09,0.58,-0.04	colDetail=collider{pos=0.03,0.23,-0.04,scale=1.06,1,1,center=0,0,0,size=2.41,0.45,0.65} collider (1){pos=0.03,0.67,-0.4,scale=1.06,1,0.13,center=0,0,0,size=2.41,0.45,0.65} SitPoint{pos=0,0.47,0,scale=0.55,0.18,0.55,center=0,0,0,size=1,1,1} SitPoint (1){pos=-0.8,0.47,0,scale=0.55,0.18,0.55,center=0,0,0,size=1,1,1} SitPoint (2){pos=0.8,0.47,0,scale=0.55,0.18,0.55,center=0,0,0,size=1,1,1}	snaps=	comps=Chair	ground=False/False	noclip=True
P	piece_GardenSwing	Haunted Garden Swing	BuildingStonecutter	Wood	sup=True	supWear=True	burn=True	hp=200	fireMod=Normal	roofWear=True	layer=10	cols=Box@16 Box@16 Box@Default Box@Default Box@Default Box@Default Box@Default Box@Default Box@Default	rb=3.8,1.72,1.58	cb=3.73,1.69,1.5@0,51.12,-0.46	rbc=0,1.02,-0.4	colDetail=SitPoint (3){pos=0.41,0.67,-0.19,scale=0.55,0.18,0.55,center=0,0,0,size=1,1,1} SitPoint (2){pos=-0.39,0.67,-0.19,scale=0.55,0.18,0.55,center=0,0,0,size=1,1,1} GameObject{pos=-1.49,1.13,-0.04,scale=0.19,1.75,0.06,center=0,0,0,size=1,1,1} GameObject (1){pos=1.46,1.13,-0.05,scale=0.19,1.75,0.06,center=0,0,0,size=1,1,1} GameObject (2){pos=1.46,1.13,-0.87,scale=0.19,1.75,0.06,center=0,0,0,size=1,1,1} GameObject (3){pos=-1.49,1.11,-0.86,scale=0.19,1.75,0.06,center=0,0,0,size=1,1,1} GameObject (5){pos=-0.01,0.85,-0.71,scale=0.55,1.82,0.06,center=0,0,0,size=1,1,1} GameObject (7){pos=-1.61,0.88,-0.38,scale=0.52,0.88,0.03,center=0,0,0,size=1,1,1} GameObject (8){pos=1.61,0.88,-0.39,scale=0.52,0.88,0.03,center=0,0,0,size=1,1,1}	snaps=	comps=Chair	ground=False/False	noclip=True
P	piece_HighChair	Hungry Hungry Highchair	BuildingStonecutter	Wood	sup=True	supWear=True	burn=True	hp=200	fireMod=Normal	roofWear=True	layer=10	cols=Box@10 Box@10	rb=1.54,1.59,1.63	cb=0.36,0.82,0.54@-0.45,0.38,1.12	rbc=-0.49,0.43,1.05	colDetail=collider (1){pos=-0.45,0.37,1.07,scale=0.65,0.67,1.11,center=0,0,0,size=0.55,1.2,0.4} collider (2){pos=-0.45,0.77,1.26,scale=0.62,0.03,0.64,center=0,0,0,size=0.55,1.2,0.4}	snaps=	comps=	ground=False/False	noclip=True
P	piece_Nightstand	KNARREVIK Nightstand	BuildingStonecutter	Wood	sup=True	supWear=True	burn=True	hp=200	fireMod=Normal	roofWear=True	layer=10	cols=Box@10	rb=0.81,0.54,0.84	cb=0.64,0.51,0.68@0,0.13,0.07	rbc=0,0.08,0.03	colDetail=collider{pos=0,0.13,0.08,scale=0.26,25.6,0.54,center=0,0,0,size=2.45,0.02,1.22}	snaps=	comps=	ground=False/False	noclip=True
P	piece_TheWoodenThrone	Wooden Throne	BuildingStonecutter	Wood	sup=True	supWear=True	burn=True	hp=200	fireMod=Normal	roofWear=True	layer=10	cols=Box@10 Box@10	rb=1.01,1.7,0.81	cb=0.81,1.4,0.7@-0.01,0.6,0.17	rbc=0,0.8,0.21	colDetail=collider{pos=-0.01,0.22,0.19,scale=1.47,1.07,0.85,center=0,0,0,size=0.55,0.51,0.73} collider (1){pos=-0.01,0.64,-0.11,scale=1.4,1.12,0.31,center=0,0,0,size=0.55,1.2,0.4}	snaps=	comps=Chair	ground=False/False	noclip=True
P	piece_WateringCan1	Watercan Planter	BuildingStonecutter	Wood	sup=True	supWear=True	burn=True	hp=200	fireMod=Normal	roofWear=True	layer=10	cols=Box@10	rb=0.45,0.69,0.68	cb=0.32,0.28,0.35@-0.01,0.42,0	rbc=-0.01,0.62,-0.03	colDetail=collider{pos=-0.4,21,-0.17,scale=0.82,0.23,1.07,center=0,0,0,size=0.39,1.21,0.33}	snaps=	comps=	ground=False/False	noclip=False
P	piece_WateringCan2	Blackend Metal Watering Can	BuildingStonecutter	Iron	sup=True	supWear=True	burn=True	hp=250	fireMod=Resistant	roofWear=False	layer=10	cols=Box@10	rb=0.44,0.31,0.27	cb=0.19,0.28,0.23@0.01,-0.01,0	rbc=0,0,0	colDetail=collider{pos=0.35,-0.42,0,scale=0.49,0.23,0.7,center=0,0,0,size=0.39,1.21,0.33}	snaps=	comps=	ground=False/False	noclip=False
P	piece_Crackacorn	Miofellian Paper Art	BuildingStonecutter	Iron	sup=True	supWear=True	burn=True	hp=250	fireMod=Resistant	roofWear=False	layer=10	cols=Box@10	rb=0.07,0.4,0.39	cb=0.05,0.18,0.23@0.01,-0.08,0	rbc=0,-0.04,0	colDetail=collider{pos=0.35,-4.01,0,scale=0.12,0.15,0.7,center=0,0,0,size=0.39,1.21,0.33}	snaps=	comps=	ground=False/False	noclip=False
P	piece_ChurchOrgan	Huanted Church Organ	BuildingStonecutter	Wood	sup=True	supWear=True	burn=True	hp=200	fireMod=Normal	roofWear=True	layer=10	cols=Box@10 Box@10 Box@10 Box@10 Box@10 Box@10 Box@10 Box@10 Box@10 Box@10 Box@10 Box@10	rb=2.44,4.04,3.21	cb=2.44,3.99,3.18@-0.76,2.02,0.01	rbc=-0.76,2.03,0.01	colDetail=GameObject/collider{pos=-6.72,-0.42,0.04,scale=0.87,177.21,2.6,center=0,0,0,size=2.45,0.02,1.22} GameObject/collider (2){pos=5.14,-0.01,0.05,scale=0.19,6.12,0.66,center=0,0,0,size=2.45,0.02,1.22} GameObject/collider (3){pos=6.16,-0.01,0,scale=0.22,6.12,1.07,center=0,0,0,size=2.45,0.02,1.22} GameObject/collider (4){pos=7.75,-0.11,-2.09,scale=0.3,63.93,0.06,center=0,0,0,size=2.45,0.02,1.22} GameObject/collider (5){pos=7.75,-0.11,2.16,scale=0.3,63.93,0.06,center=0,0,0,size=2.45,0.02,1.22} GameObject/collider (6){pos=3.66,-0.06,1.72,scale=0.09,24.7,0.15,center=0,0,0,size=2.45,0.02,1.22} GameObject/collider (7){pos=3.62,-0.07,-1.68,scale=0.09,24.7,0.15,center=0,0,0,size=2.45,0.02,1.22} GameObject/collider (8){pos=0,0,0,scale=0.1,1.48,0.3,center=0,0,0,size=2.45,0.02,1.22} GameObject/collider (9){pos=0.79,-0.05,0,scale=0.1,1.04,0.3,center=0,0,0,size=2.45,0.02,1.22} GameObject/collider (10){pos=-1.73,-0.24,0.05,scale=0.85,6.12,0.55,center=0,0,0,size=2.45,0.02,1.22} GameObject/collider (11){pos=-5.08,0.19,-4.3,scale=0.08,199.28,0.23,center=0,0,0,size=2.45,0.02,1.22} GameObject/collider (12){pos=-5.08,0.19,4.46,scale=0.08,199.28,0.23,center=0,0,0,size=2.45,0.02,1.22}	snaps=	comps=	ground=False/False	noclip=True
P	piece_ChurchOrgan2	Other Church Organ	BuildingStonecutter	Wood	sup=True	supWear=True	burn=True	hp=200	fireMod=Normal	roofWear=True	layer=10	cols=Box@10 Box@10 Box@10 Box@10 Box@10 Box@10 Box@10 Box@10 Box@10 Box@10 Capsule@10 Box@10	rb=2.87,4.87,3.01	cb=2.85,4.88,2.98@-0.22,2.22,-0.04	rbc=-0.31,2.21,0.02	colDetail=GameObject (11)/GameObject{pos=0.23,-0.13,-1.24,scale=1.42,1.37,2.77,center=0,0,0,size=1,1,1} GameObject (11)/GameObject (1){pos=1.16,-0.21,-0.3,scale=0.47,1.24,0.71,center=0,0,0,size=1,1,1} GameObject (11)/GameObject (2){pos=1.18,-0.21,-2.29,scale=0.47,1.24,0.71,center=0,0,0,size=1,1,1} GameObject (11)/GameObject (3){pos=0.94,-0.37,-1.28,scale=1.25,0.93,1.45,center=0,0,0,size=1,1,1} GameObject (11)/GameObject (4){pos=0.97,0.32,-1.28,scale=0.21,0.56,1.45,center=0,0,0,size=1,1,1} GameObject (11)/GameObject (5){pos=0.79,0.62,-1.28,scale=0.21,0.56,0.94,center=0,0,0,size=1,1,1} GameObject (11)/GameObject (6){pos=1.93,-0.58,-1.28,scale=0.27,0.47,0.26,center=0,0,0,size=1,1,1} GameObject (11)/GameObject (7){pos=0.93,-0.76,-1.25,scale=2.64,0.01,2.55,center=0,0,0,size=1,1,1} GameObject (11)/GameObject (8){pos=0.02,1.1,-1.24,scale=1.08,3.97,2.77,center=0,0,0,size=1,1,1} GameObject (11)/GameObject (9){pos=0.53,1.1,-1.24,scale=0.74,3.91,1.1,center=0,0,0,size=1,1,1} GameObject (11)/GameObject (10){pos=0.73,3.25,-1.24,scale=1.06,0.97,1,center=0,0,0,size=1,1,1}	snaps=	comps=	ground=False/False	noclip=True
P	piece_Lyre	Vikings Lyre	BuildingStonecutter	Wood	sup=True	supWear=True	burn=True	hp=200	fireMod=Normal	roofWear=True	layer=10	cols=Box@10 Box@10	rb=0.47,0.52,0.12	cb=0.36,0.47,0.05@0.68,0.7,0.24	rbc=0.68,0.71,0.24	colDetail=collider (2){pos=34.17,37.79,12.07,scale=0.93,0.3,0.17,center=0,0,0,size=0.39,1.21,0.33} collider (3){pos=34.17,26.04,12.07,scale=0.35,0.09,0.17,center=0,0,0,size=0.39,1.21,0.33}	snaps=	comps=	ground=False/False	noclip=False
P	piece_Panpipes	Wooden Panpipes	BuildingStonecutter	Wood	sup=True	supWear=True	burn=True	hp=200	fireMod=Normal	roofWear=True	layer=10	cols=Box@10 Box@10	rb=0.28,0.04,0.11	cb=0.18,0.03,0.09@0.02,0.01,0	rbc=-0.03,0.02,-0.01	colDetail=collider (1){pos=2.76,0.55,-0.25,scale=0.22,0.03,0.27,center=0,0,0,size=0.39,1.21,0.33} collider (2){pos=-1.24,0.55,0.52,scale=0.15,0.03,0.27,center=0,0,0,size=0.39,1.21,0.33}	snaps=	comps=	ground=False/False	noclip=False
P	piece_Sitar	Wooden Sitar	BuildingStonecutter	Wood	sup=True	supWear=True	burn=True	hp=200	fireMod=Normal	roofWear=True	layer=10	cols=Box@10 Box@10 Box@10	rb=0.44,0.34,1.72	cb=0.2,0.29,1.55@0,-0.13,-0.01	rbc=0,-0.11,-0.01	colDetail=collider{pos=0,-0.6,0,scale=0.19,1.27,0.15,center=0,0,0,size=0.39,1.21,0.33} collider (2){pos=0,-7.9,-33.2,scale=0.5,0.16,0.74,center=0,0,0,size=0.39,1.21,0.33} collider (1){pos=0,-8.7,24.7,scale=0.4,0.16,0.74,center=0,0,0,size=0.39,1.21,0.33}	snaps=	comps=	ground=False/False	noclip=False
P	piece_QueensLetter	Letter from the Queen	Crafting	Wood	sup=True	supWear=True	burn=True	hp=100	fireMod=Normal	roofWear=True	layer=10	cols=Box@10	rb=0.45,0.01,0.2	cb=0.44,0.01,0.18@0,0,0	rbc=0,0,0	colDetail=collider{pos=0,0,0,scale=0.83,0.83,0.83,center=0,0,0,size=0.53,0.22,0.01}	snaps=	comps=	ground=False/False	noclip=False
P	piece_QueensScroll	Queen's Scroll	Crafting	Wood	sup=True	supWear=True	burn=True	hp=100	fireMod=Normal	roofWear=True	layer=10	cols=Box@10	rb=0.56,0.1,0.4	cb=0.52,0.01,0.34@-0.04,-0.01,0.03	rbc=-0.05,0.04,0.03	colDetail=collider{pos=-0.04,-0.01,0.03,scale=0.99,1.57,0.83,center=0,0,0,size=0.53,0.22,0.01}	snaps=	comps=	ground=False/False	noclip=False
P	piece_Shelves1	GUVNBERG Shelves	BuildingStonecutter	Wood	sup=True	supWear=True	burn=True	hp=200	fireMod=Normal	roofWear=True	layer=10	cols=Box@10 Box@10 Box@10 Box@10	rb=0.9,1.07,0.28	cb=0.89,1.06,0.27@0,0.02,1.93	rbc=0,0.02,1.93	colDetail=collider{pos=0.1,1.85,101.6,scale=2.27,0.85,0.2,center=0,0,0,size=0.39,1.21,0.33} collider (1){pos=0.1,-14.5,96.5,scale=2.27,0.04,0.8,center=0,0,0,size=0.39,1.21,0.33} collider (2){pos=0.1,-24.2,96.5,scale=2.27,0.04,0.8,center=0,0,0,size=0.39,1.21,0.33} collider (3){pos=0.1,26.7,96.5,scale=2.27,0.04,0.8,center=0,0,0,size=0.39,1.21,0.33}	snaps=	comps=	ground=False/False	noclip=False
P	piece_Shelves2	KALLAX Shelves	BuildingStonecutter	Wood	sup=True	supWear=True	burn=True	hp=200	fireMod=Normal	roofWear=True	layer=10	cols=Box@10 Box@10 Box@10 Box@10	rb=0.51,1.37,0.23	cb=0.53,0.99,0.14@0,-0.02,-0.04	rbc=0,-0.01,-0.1	colDetail=collider{pos=0,-1,0,scale=1.36,0.82,0.16,center=0,0,0,size=0.39,1.21,0.33} collider (1){pos=-0.76,2.07,-2.2,scale=1.28,0.02,0.4,center=0,0,0,size=0.39,1.21,0.33} collider (2){pos=-0.76,18.41,-2.2,scale=1.28,0.02,0.4,center=0,0,0,size=0.39,1.21,0.33} collider (3){pos=-0.76,-17.94,-2.2,scale=1.28,0.02,0.4,center=0,0,0,size=0.39,1.21,0.33}	snaps=	comps=	ground=False/False	noclip=False
P	piece_Shelves3	Painted Shelves	BuildingStonecutter	Wood	sup=True	supWear=True	burn=True	hp=200	fireMod=Normal	roofWear=True	layer=10	cols=Box@10 Box@10 Box@10 Box@10 Box@10 Box@10	rb=1.46,3.09,0.57	cb=1.29,2.71,0.47@-0.01,0.7,-0.21	rbc=0,0.84,-0.2	colDetail=collider{pos=0,35,0,scale=3.04,2.24,0.16,center=0,0,0,size=0.39,1.21,0.33} collider (1){pos=-0.3,58.6,-12,scale=2.89,0.04,1.25,center=0,0,0,size=0.39,1.21,0.33} collider (2){pos=-0.3,40,-12,scale=2.89,0.04,1.25,center=0,0,0,size=0.39,1.21,0.33} collider (3){pos=-0.3,23,-12,scale=2.89,0.04,1.25,center=0,0,0,size=0.39,1.21,0.33} collider (4){pos=-0.3,5.8,-12,scale=2.89,0.04,1.25,center=0,0,0,size=0.39,1.21,0.33} collider (5){pos=-0.3,-12.2,-12,scale=3.3,0.04,1.25,center=0,0,0,size=0.39,1.21,0.33}	snaps=	comps=	ground=False/False	noclip=False
P	piece_Shelves4	GRANDHULT Shelves	BuildingStonecutter	Wood	sup=True	supWear=True	burn=True	hp=200	fireMod=Normal	roofWear=True	layer=10	cols=Box@10	rb=2,0.13,0.41	cb=2.01,0.04,0.41@0.62,0.52,0.17	rbc=0.62,0.48,0.17	colDetail=collider{pos=30.86,26.1,8.5,scale=5.15,0.04,1.25,center=0,0,0,size=0.39,1.21,0.33}	snaps=	comps=	ground=False/False	noclip=False
P	piece_BaconHang	Celler Stored Bacon	Misc	Wood	sup=True	supWear=True	burn=True	hp=35	fireMod=Normal	roofWear=False	layer=10	cols=Box@10 Box@10	rb=0.08,0.73,0.14	cb=0.05,0.62,0.07@4.79,49.7,0.01	rbc=0,-0.35,0.04	colDetail=collider{pos=0,-0.44,0.01,scale=0.04,0.78,0.04,center=0,0,0,size=1.28,0.45,1.9} collider (1){pos=0,-0.17,0,scale=0.01,0.78,0.01,center=0,0,0,size=1.28,0.45,1.9}	snaps=	comps=	ground=False/False	noclip=False
P	piece_BigWeenieHang	Celler Stored Cured Sausage	Misc	Wood	sup=True	supWear=True	burn=True	hp=35	fireMod=Normal	roofWear=False	layer=10	cols=Box@10 Box@10	rb=0.21,2.12,0.23	cb=0.19,1.82,0.16@4.81,49.33,0.01	rbc=0.01,-0.81,0.02	colDetail=collider{pos=0.01,-0.59,0,scale=0.14,2.91,0.14,center=0,0,0,size=1.37,0.47,1.11} collider (1){pos=0,0.04,0,scale=0.01,0.78,0.01,center=0,0,0,size=1.28,0.45,1.9}	snaps=	comps=	ground=False/False	noclip=False
P	piece_ChickenHang	Celler Stored  Chicken	Misc	Wood	sup=True	supWear=True	burn=True	hp=35	fireMod=Normal	roofWear=False	layer=10	cols=Box@10 Box@10	rb=0.87,1.52,0.82	cb=0.47,1.45,0.45@4.75,49.3,-0.03	rbc=-0.07,-0.72,-0.05	colDetail=collider{pos=-0.05,-1.36,-0.04,scale=0.34,0.76,0.33,center=0,0,-0.01,size=0.96,1,1} collider (1){pos=0,-0.31,0,scale=0.01,1.16,0.01,center=0,0,0,size=1.28,0.45,1.9}	snaps=	comps=	ground=False/False	noclip=False
P	piece_FishHang	Fish Drying Rack	Misc	Wood	sup=True	supWear=True	burn=True	hp=50	fireMod=Normal	roofWear=False	layer=16	cols=Box@10 Box@10 Box@10 Box@10 Mesh@10 Box@10 Box@10 Box@10	rb=2.73,1.75,0.99	cb=2.73,1.75,1.02@-0.01,0.87,-0.43	rbc=-0.01,0.87,-0.43	colDetail=collider (1){pos=-0.9,0.14,-0.74,scale=0.27,0.09,0.22,center=0,0,0,size=1,1.22,0.55} collider (2){pos=-0.84,0.14,0.02,scale=0.27,0.09,0.22,center=0,0,0,size=1,1.22,0.55} collider (3){pos=0.87,0.14,-0.74,scale=0.27,0.09,0.22,center=0,0,0,size=1,1.22,0.55} collider (4){pos=0.78,0.11,0.02,scale=0.27,0.09,0.22,center=0,0,0,size=1,1.22,0.55} new/aset_FishFresh2/collider{pos=-0.02,0.08,0,scale=0.66,0.09,0.22,center=0,0,0,size=1,1.22,0.55} new/aset_FishFresh3/collider{pos=-0.02,0.06,0,scale=0.49,0.05,0.24,center=0,0,0,size=1,1.22,0.55} new/aset_FishFresh/collider{pos=-0.01,0.04,0,scale=0.54,0.04,0.18,center=0,0,0,size=1,1.22,0.55}	snaps=	comps=	ground=False/False	noclip=True
P	piece_HamHang	Celler Stored Ham	Misc	Wood	sup=True	supWear=True	burn=True	hp=99	fireMod=Normal	roofWear=False	layer=10	cols=Box@10 Box@10	rb=0.99,1.42,1.01	cb=0.58,1.32,0.59@4.7,49.36,-0.06	rbc=-0.11,-0.67,-0.05	colDetail=collider{pos=-0.11,-0.87,-0.07,scale=0.25,0.81,0.48,center=0,0,0,size=1.42,1.34,1} collider (1){pos=-0.02,-0.18,-0.02,scale=0.01,0.78,0.01,center=0,0,0,size=1.28,0.45,1.9}	snaps=	comps=	ground=False/False	noclip=False
P	piece_MeatHang	Celler Stored Lox Loin	Misc	Wood	sup=True	supWear=True	burn=True	hp=75	fireMod=Normal	roofWear=False	layer=10	cols=Box@10 Box@10	rb=0.21,1.77,0.29	cb=0.18,1.67,0.15@-0.01,-0.82,-0.01	rbc=0,-0.86,0.01	colDetail=collider{pos=-0.01,-0.97,-0.01,scale=0.04,0.6,0.04,center=0,0,0,size=4.62,2.36,3.97} collider/collider (1){pos=0.15,1.3,0.21,scale=0.01,0.78,0.01,center=0,0,0,size=1.28,0.45,1.9}	snaps=	comps=	ground=False/False	noclip=False
P	piece_TiedHang	Celler Stored Ham	Misc	Wood	sup=True	supWear=True	burn=True	hp=35	fireMod=Normal	roofWear=False	layer=10	cols=Box@10 Box@10	rb=0.44,1.22,0.37	cb=0.25,1.24,0.32@-0.02,-0.61,0	rbc=-0.04,-0.59,0	colDetail=collider{pos=-0.02,-0.87,0,scale=0.36,0.7,0.35,center=0,0,0,size=0.69,1.04,0.9} collider (1){pos=0,-0.17,0,scale=0.01,0.78,0.01,center=0,0,0,size=1.28,0.45,1.9}	snaps=	comps=	ground=False/False	noclip=False
P	piece_WeenieRopeHang	Celler Stored Sausage Rope	Misc	Wood	sup=True	supWear=True	burn=True	hp=35	fireMod=Normal	roofWear=False	layer=10	cols=Box@10 Box@10	rb=0.67,1.32,0.12	cb=0.54,1.25,0.1@0.05,-0.59,0	rbc=0.06,-0.61,0	colDetail=collider{pos=0.05,-0.89,0,scale=0.56,0.65,0.1,center=0,0,0,size=0.96,1,1} collider (1){pos=0,-0.14,0,scale=0.01,0.78,0.01,center=0,0,0,size=1.28,0.45,1.9}	snaps=	comps=	ground=False/False	noclip=False
P	piece_WeenieHang	Celler Stored Knotted Weenies	Misc	Wood	sup=True	supWear=True	burn=True	hp=35	fireMod=Normal	roofWear=False	layer=10	cols=Box@10 Box@10	rb=0.16,1.99,0.09	cb=0.08,1.9,0.11@-0.02,-0.94,0	rbc=-0.01,-0.98,0	colDetail=collider{pos=-0.02,-0.86,0,scale=0.05,0.59,0.04,center=0,0,0,size=1.75,2.97,2.7} collider (1){pos=0,-0.14,0,scale=0.01,0.78,0.01,center=0,0,0,size=1.28,0.45,1.9}	snaps=	comps=	ground=False/False	noclip=False
P	piece_Keg	Loose Keg	BuildingStonecutter	Wood	sup=True	supWear=True	burn=True	hp=200	fireMod=Normal	roofWear=True	layer=10	cols=Box@10	rb=0.88,0.89,1.11	cb=0.58,0.6,0.91@0,0.74,0	rbc=0,0.75,0.07	colDetail=collider (1){pos=0,0.83,0,scale=1.5,0.2,2.75,center=0,-0.45,0,size=0.39,3.06,0.33}	snaps=	comps=	ground=False/False	noclip=False
P	piece_KegStand	Keg on Stand	BuildingStonecutter	Wood	sup=True	supWear=True	burn=True	hp=200	fireMod=Normal	roofWear=True	layer=10	cols=Box@10 Box@10 Box@10 Box@10 Box@10 Box@10	rb=1.01,1.68,1.11	cb=0.9,1.49,0.91@0,0.26,0	rbc=0.01,0.33,0.07	colDetail=collider{pos=0,0.37,0,scale=2.22,0.22,2.75,center=0,0,0,size=0.39,1.21,0.33} collider (1){pos=0,0.8,0,scale=1.5,0.2,2.75,center=0,-0.45,0,size=0.39,3.06,0.33} collider (2){pos=0.4,0.02,0.37,scale=0.29,0.25,0.36,center=0,-0.45,0,size=0.39,3.06,0.33} collider (3){pos=0.4,0.02,-0.37,scale=0.29,0.25,0.36,center=0,-0.45,0,size=0.39,3.06,0.33} collider (4){pos=-0.39,0.02,-0.37,scale=0.29,0.25,0.36,center=0,-0.45,0,size=0.39,3.06,0.33} collider (5){pos=-0.39,0.02,0.37,scale=0.29,0.25,0.36,center=0,-0.45,0,size=0.39,3.06,0.33}	snaps=	comps=	ground=False/False	noclip=False
P	piece_Stein	Tin Stein	Misc	Wood	sup=True	supWear=True	burn=True	hp=200	fireMod=Normal	roofWear=True	layer=10	cols=Box@10	rb=0.18,0.27,0.13	cb=0.07,0.19,0.06@-0.03,-0.04,0	rbc=0,0,0	colDetail=collider{pos=-0.03,-0.04,0,scale=0.19,0.15,0.18,center=0,0,0,size=0.39,1.21,0.33}	snaps=	comps=	ground=False/False	noclip=False
P	piece_WoodenChag	Wooden Chag	Misc	Wood	sup=True	supWear=True	burn=True	hp=200	fireMod=Normal	roofWear=True	layer=10	cols=Box@10	rb=0.15,0.24,0.22	cb=0.09,0.16,0.11@0,0,0	rbc=0,0.03,0.04	colDetail=collider{pos=0,0,0,scale=0.28,0.13,0.27,center=0,0,0,size=0.39,1.21,0.33}	snaps=	comps=	ground=False/False	noclip=False
P	piece_Cleaver	Kitchen Cleaver	Crafting	Iron	sup=True	supWear=True	burn=True	hp=250	fireMod=Resistant	roofWear=False	layer=10	cols=Box@10 Box@10	rb=0.38,0.03,0.15	cb=0.38,0.01,0.14@0,0,-0.01	rbc=0,0,-0.01	colDetail=collider{pos=0,0,0.05,scale=0.97,0.04,0.02,center=0,0,0,size=0.39,1.21,0.33} collider (1){pos=-0.1,0.01,-0.04,scale=0.5,0.07,0.01,center=0,0,0,size=0.39,1.21,0.33}	snaps=	comps=	ground=False/False	noclip=False
P	piece_FancyKnife	Fancy Kitchen Knife	Crafting	Iron	sup=True	supWear=True	burn=True	hp=250	fireMod=Resistant	roofWear=False	layer=10	cols=Box@10 Box@10	rb=0.38,0.01,0.06	cb=0.38,0,0.05@0.07,0,0	rbc=0.08,0,0.01	colDetail=collider (1){pos=0.25,0,0.03,scale=0.39,0.02,0.01,center=0,0,0,size=0.39,1.21,0.33} collider{pos=0.12,0,-0.02,scale=0.97,0.02,0.01,center=0,0,0,size=0.39,1.21,0.33}	snaps=	comps=	ground=False/False	noclip=False
P	piece_HoneyDIpper	Honey Dipper	Crafting	Wood	sup=True	supWear=True	burn=True	hp=200	fireMod=Normal	roofWear=True	layer=10	cols=Box@10	rb=0.11,0.04,0.19	cb=0.06,0.01,0.13@0.07,-0.06,-0.03	rbc=0.08,-0.05,-0.02	colDetail=collider{pos=1.45,-1.14,-0.51,scale=0.36,0,0.04,center=0,0,0,size=0.39,1.21,0.33}	snaps=	comps=	ground=False/False	noclip=False
P	piece_CutleryKnife	Butter Knife	Crafting	Iron	sup=True	supWear=True	burn=True	hp=250	fireMod=Resistant	roofWear=False	layer=10	cols=Box@10	rb=0.02,0.01,0.13	cb=0.01,0,0.14@0,0,0.02	rbc=0,0,0.02	colDetail=collider{pos=0,0,0.07,scale=0.35,0,0.03,center=0,0,0,size=0.39,1.21,0.33}	snaps=	comps=	ground=False/False	noclip=False
P	piece_MagnifyingGlass	Inspector's Magnifying Glass	Crafting	Wood	sup=False	supWear=True	burn=True	hp=10	fireMod=Normal	roofWear=True	layer=10	cols=Box@10 Box@10	rb=0.12,0.03,0.28	cb=0.08,0.02,0.26@0,0,-0.01	rbc=0,0,0	colDetail=collider{pos=0,0,-0.09,scale=0.05,0.14,0.06,center=0,0,0,size=0.39,1.21,0.33} collider (1){pos=0,0,0.12,scale=0.21,0.08,0.04,center=0,0,0,size=0.39,1.21,0.33}	snaps=	comps=	ground=False/False	noclip=False
P	piece_StraightRazor	Straight Razor	Crafting	Wood	sup=True	supWear=True	burn=True	hp=99	fireMod=Normal	roofWear=True	layer=10	cols=Box@10	rb=0.09,0.02,0.19	cb=0.02,0.02,0.16@0,0,0	rbc=0.03,0,0	colDetail=collider{pos=0,0.01,0,scale=0.4,0.01,0.06,center=0,0,0,size=0.39,1.21,0.33}	snaps=	comps=	ground=False/False	noclip=False
P	piece_PretentiousFork	Pretentious Fork	Crafting	Wood	sup=True	supWear=True	burn=True	hp=99	fireMod=Normal	roofWear=True	layer=10	cols=Box@10	rb=0.03,0.02,0.13	cb=0.01,0,0.11@0,0,0	rbc=0,0,0.01	colDetail=collider{pos=0,-0.01,0,scale=0.29,0,0.04,center=0,0,0,size=0.39,1.21,0.33}	snaps=	comps=	ground=False/False	noclip=False
P	piece_Spoon	Simple Wooden Spoon	Crafting	Wood	sup=True	supWear=True	burn=True	hp=99	fireMod=Normal	roofWear=True	layer=10	cols=Box@10	rb=0.03,0.02,0.13	cb=0.02,0,0.11@0,-0.01,0.01	rbc=0,-0.01,0.02	colDetail=collider{pos=0,-0.03,0.04,scale=0.29,0,0.04,center=0,0,0,size=0.39,1.21,0.33}	snaps=	comps=	ground=False/False	noclip=False
P	piece_CuttingBoardsL	Large Runic Cutting Board	BuildingStonecutter	Wood	sup=True	supWear=True	burn=True	hp=200	fireMod=Normal	roofWear=True	layer=10	cols=Box@10	rb=0.54,0.03,0.64	cb=0.53,0.03,0.63@0,0,0	rbc=0,0,0	colDetail=collider{pos=0,0,0,scale=1.37,0.02,1.91,center=0,0,0,size=0.39,1.21,0.33}	snaps=	comps=	ground=False/False	noclip=False
P	piece_CuttingBoardSm	Small Runic Cutting Board	BuildingStonecutter	Wood	sup=True	supWear=True	burn=True	hp=200	fireMod=Normal	roofWear=True	layer=10	cols=Box@10	rb=0.27,0.01,0.32	cb=0.26,0.01,0.31@0,0,0	rbc=0,0,0	colDetail=collider{pos=0,0,0,scale=0.67,0.01,0.93,center=0,0,0,size=0.39,1.21,0.33}	snaps=	comps=	ground=False/False	noclip=False
P	piece_TowelRack	Towel Rail	BuildingStonecutter	Wood	sup=True	supWear=True	burn=True	hp=200	fireMod=Normal	roofWear=True	layer=10	cols=Box@10	rb=0.21,0.89,1.34	cb=0.03,0.36,1.26@0.18,1.2,-0.05	rbc=0.1,0.99,-0.06	colDetail=collider{pos=0.18,1.2,-0.05,scale=3.24,0.3,0.1,center=0,0,0,size=0.39,1.21,0.33}	snaps=	comps=	ground=False/False	noclip=False
P	piece_RagsL	Large Messy Towel	BuildingStonecutter	Wood	sup=True	supWear=True	burn=True	hp=100	fireMod=Normal	roofWear=False	layer=10	cols=Box@10	rb=0.44,0.24,0.32	cb=0.28,0.08,0.12@0.09,-0.04,-0.05	rbc=0.07,0.04,-0.05	colDetail=GameObject (1){pos=0.16,-0.08,-0.08,scale=0.28,0.08,0.12,center=0,0,0,size=1,1,1}	snaps=	comps=	ground=False/False	noclip=False
P	piece_RagsSM	Small Messy Rags	BuildingStonecutter	Wood	sup=True	supWear=True	burn=True	hp=100	fireMod=Normal	roofWear=False	layer=10	cols=Box@10	rb=0.22,0.12,0.16	cb=0.17,0.03,0.09@0.02,-0.03,-0.03	rbc=0.03,0.02,-0.02	colDetail=collider{pos=0.06,-0.1,-0.1,scale=0.42,0.02,0.23,center=0,0,0,size=0.39,1.21,0.33}	snaps=	comps=	ground=False/False	noclip=False
P	piece_FloorTowel	Another Messy Towel	BuildingStonecutter	Wood	sup=True	supWear=True	burn=True	hp=100	fireMod=Normal	roofWear=False	layer=10	cols=Box@10	rb=0.8,0.71,0.95	cb=0.54,0.02,0.64@-0.06,-0.34,-0.32	rbc=-0.02,-0.34,-0.2	colDetail=GameObject (1){pos=-0.11,-0.62,-0.59,scale=0.28,0.02,0.58,center=0,0,0,size=1,1,1}	snaps=	comps=	ground=False/False	noclip=False
P	piece_Hourglass	Mandela's Hourglass	BuildingStonecutter	Wood	sup=False	supWear=True	burn=True	hp=10	fireMod=Normal	roofWear=True	layer=10	cols=Box@10	rb=0.21,0.41,0.21	cb=0.14,0.41,0.11@0,0,0	rbc=0,0,0	colDetail=collider{pos=0,0,0,scale=0.37,0.34,0.34,center=0,0,0,size=0.39,1.21,0.33}	snaps=	comps=	ground=False/False	noclip=False
P	piece_Pan1	Cast Iron Pan	Crafting	Iron	sup=True	supWear=True	burn=True	hp=250	fireMod=Resistant	roofWear=False	layer=10	cols=Box@10	rb=0.29,0.16,0.9	cb=0.22,0.01,0.2@0,-0.08,0.43	rbc=0,-0.08,0.13	colDetail=collider{pos=0,-0.08,0.43,scale=0.56,0.01,0.6,center=0,0,0,size=0.39,1.21,0.33}	snaps=	comps=	ground=False/False	noclip=False
P	piece_Pot1	Big ol' Pot	Crafting	Iron	sup=True	supWear=True	burn=True	hp=250	fireMod=Resistant	roofWear=False	layer=10	cols=Mesh@10	rb=0.71,0.3,0.71	cb=0.71,0.3,0.71@0,0.15,-0.01	rbc=0,0.14,0	colDetail=	snaps=	comps=	ground=False/False	noclip=False
P	piece_Pot1Lid	Big ol' Pot Lid	Crafting	Iron	sup=True	supWear=True	burn=True	hp=250	fireMod=Resistant	roofWear=False	layer=10	cols=Mesh@10	rb=0.64,0.15,0.64	cb=0.64,0.15,0.64@0.01,0.03,0	rbc=0,0.05,0	colDetail=	snaps=	comps=	ground=False/False	noclip=False
P	piece_RollPin2	Bargain Rolling Pin	BuildingStonecutter	Wood	sup=True	supWear=True	burn=True	hp=200	fireMod=Normal	roofWear=True	layer=10	cols=Box@10	rb=0.49,0.07,0.07	cb=0.32,0.04,0.06@0.12,0,0	rbc=0.12,0,0	colDetail=collider{pos=0.11,0,0,scale=0.82,0.03,0.18,center=0,0,0,size=0.39,1.21,0.33}	snaps=	comps=	ground=False/False	noclip=False
P	piece_RollPin1	Fine Rolling Pin	Crafting	Wood	sup=True	supWear=True	burn=True	hp=200	fireMod=Normal	roofWear=True	layer=10	cols=Box@10	rb=0.75,0.04,0.04	cb=0.63,0.02,0.01@0,0,0	rbc=0,0,0	colDetail=collider{pos=0,0,0,scale=1.6,0.02,0.03,center=0,0,0,size=0.39,1.21,0.33}	snaps=	comps=	ground=False/False	noclip=False
P	piece_Sac1	Single Sack	Crafting	Wood	sup=True	supWear=True	burn=True	hp=200	fireMod=Normal	roofWear=True	layer=10	cols=Box@10 Box@10	rb=1.03,1.24,1.19	cb=0.55,0.23,0.54@-0.01,-0.02,0.05	rbc=-0.01,-0.08,0	colDetail=collider{pos=-0.01,-0.05,0.05,scale=1.41,0.14,1.64,center=0,0,0,size=0.39,1.21,0.33} collider (1){pos=-0.01,0.05,0.05,scale=0.76,0.07,1.59,center=0,0,0,size=0.39,1.21,0.33}	snaps=	comps=	ground=False/False	noclip=False
P	piece_Sac2	Stacked Sacks	Crafting	Wood	sup=True	supWear=True	burn=True	hp=300	fireMod=Normal	roofWear=False	layer=10	cols=Box@10	rb=0.9,0.79,1.21	cb=0.58,0.67,0.79@-0.01,0.35,0.02	rbc=0,0.38,0	colDetail=collider{pos=-0.01,0.35,0.02,scale=1.96,0.55,1.65,center=0,0,0,size=0.39,1.21,0.33}	snaps=	comps=	ground=False/False	noclip=False
P	piece_Sac3	Overfilled Sacks	Crafting	Wood	sup=True	supWear=True	burn=True	hp=200	fireMod=Normal	roofWear=True	layer=10	cols=Box@10 Box@10	rb=0.7,0.61,0.96	cb=0.41,0.54,0.76@0.02,0.26,0.14	rbc=0.02,0.3,0.15	colDetail=collider (1){pos=-0.01,0.27,0,scale=1.21,0.44,1.02,center=0,0,0,size=0.39,1.21,0.33} collider (2){pos=0.1,0.16,0.35,scale=0.84,0.27,0.71,center=0,0,0,size=0.39,1.21,0.33}	snaps=	comps=	ground=False/False	noclip=False
P	piece_Sac4	Sack IV	Crafting	Wood	sup=True	supWear=True	burn=True	hp=200	fireMod=Normal	roofWear=True	layer=10	cols=Box@10	rb=0.28,0.31,0.21	cb=0.19,0.26,0.12@-0.01,0.13,0.02	rbc=-0.01,0.16,0.02	colDetail=collider (1){pos=-0.01,0.13,0.02,scale=0.3,0.21,0.57,center=0,0,0,size=0.39,1.21,0.33}	snaps=	comps=	ground=False/False	noclip=False
P	piece_Sac5	Mini Mr.Money Bags	Crafting	Wood	sup=True	supWear=True	burn=True	hp=99	fireMod=Normal	roofWear=False	layer=10	cols=Box@10	rb=0.15,0.19,0.15	cb=0.09,0.14,0.1@0,0,0	rbc=0,0.02,0	colDetail=collider (1){pos=0,0,0,scale=0.23,0.11,0.31,center=0,0,0,size=0.39,1.21,0.33}	snaps=	comps=	ground=False/False	noclip=False
P	piece_Sac6	Sack VI	Crafting	Wood	sup=True	supWear=True	burn=True	hp=200	fireMod=Normal	roofWear=True	layer=10	cols=Box@10	rb=0.68,0.78,0.51	cb=0.47,0.64,0.3@-0.02,0.09,0.02	rbc=-0.01,0.23,0.03	colDetail=collider (1){pos=-0.01,0.11,0.02,scale=0.74,0.53,1.41,center=0,0,0,size=0.39,1.21,0.33}	snaps=	comps=	ground=False/False	noclip=False
P	piece_Scales	Iron Scales	Crafting	Iron	sup=True	supWear=True	burn=True	hp=250	fireMod=Resistant	roofWear=False	layer=10	cols=Box@10 Box@10 Box@10 Box@10	rb=0.62,0.62,0.28	cb=0.58,0.52,0.23@-0.01,0.26,0	rbc=-0.01,0.31,0	colDetail=collider{pos=0,1.97,0,scale=0.22,0.43,0.19,center=0,0,0,size=0.39,1.21,0.33} collider (1){pos=0,0.05,0,scale=0.57,0.01,0.58,center=0,0,0,size=0.39,1.21,0.33} collider (2){pos=-1.7,1.38,-0.3,scale=0.38,0.01,0.43,center=0,0,0,size=0.39,1.21,0.33} collider (3){pos=1.51,1.51,-0.25,scale=0.38,0.01,0.43,center=0,0,0,size=0.39,1.21,0.33}	snaps=	comps=	ground=False/False	noclip=False
P	piece_Sink	Barrel Sink	Crafting	Wood	sup=True	supWear=True	burn=True	hp=300	fireMod=Normal	roofWear=True	layer=10	cols=Box@10	rb=1.16,1.59,0.77	cb=0.87,0.95,0.53@-3,-0.11,0.15	rbc=-3.06,0.29,0.16	colDetail=collider{pos=-3,-0.11,0.15,scale=2.22,0.79,1.61,center=0,0,0,size=0.39,1.21,0.33}	snaps=	comps=	ground=False/False	noclip=False
P	piece_PestalMortar	Buzzin' Pestal Mortar	Crafting	Wood	sup=True	supWear=True	burn=True	hp=200	fireMod=Normal	roofWear=True	layer=10	cols=Box@10	rb=0.32,0.31,0.3	cb=0.21,0.21,0.19@0,0.1,0	rbc=0.01,0.15,0	colDetail=collider{pos=0,0.1,0,scale=0.54,0.18,0.56,center=0,0,0,size=0.39,1.21,0.33}	snaps=	comps=	ground=False/False	noclip=False
P	piece_SpiceRackCupboard	BEKVÄM Spice Rack	Crafting	Wood	sup=True	supWear=True	burn=True	hp=200	fireMod=Normal	roofWear=True	layer=10	cols=Box@10	rb=0.9,1.07,0.3	cb=0.89,1.03,0.21@0,0.04,1.96	rbc=0,0.02,1.92	colDetail=collider{pos=0.1,1.85,98.2,scale=2.27,0.85,0.64,center=0,0,0,size=0.39,1.21,0.33}	snaps=	comps=	ground=False/False	noclip=False
P	piece_SpiceRackWall1	 UPPDATERA Spice Rack	Crafting	Wood	sup=True	supWear=True	burn=True	hp=200	fireMod=Normal	roofWear=True	layer=10	cols=Box@10	rb=0.82,0.32,0.28	cb=0.79,0.18,0.16@0,0.34,1.97	rbc=0,0.33,1.91	colDetail=collider{pos=0.1,17.2,98.29,scale=2.03,0.15,0.47,center=0,0,0,size=0.39,1.21,0.33}	snaps=	comps=	ground=False/False	noclip=False
P	piece_SpiceRackWall2	TORNVIKEN Spice Rack	Crafting	Wood	sup=True	supWear=True	burn=True	hp=200	fireMod=Normal	roofWear=True	layer=10	cols=Box@10	rb=0.82,0.32,0.28	cb=0.79,0.2,0.16@0,-0.06,5.81	rbc=0,-0.06,1.91	colDetail=collider{pos=0.1,-3.2,98.31,scale=2.03,0.17,0.47,center=0,0,0,size=0.39,1.21,0.33}	snaps=	comps=	ground=False/False	noclip=False
P	piece_Spices1	Exotic Spices	Misc	Wood	sup=True	supWear=True	burn=True	hp=25	fireMod=Normal	roofWear=False	layer=10	cols=Box@10	rb=0.19,0.04,0.22	cb=0.09,0.02,0.07@-0.04,0.02,0.07	rbc=-0.05,0.03,0.05	colDetail=collider{pos=-5.1,2.8,8.6,scale=0.09,0.02,0.07,center=0,0,0,size=1,1,1}	snaps=	comps=	ground=False/False	noclip=False
P	piece_Spices2	Bowl of Herbs	Misc	Wood	sup=True	supWear=True	burn=True	hp=100	fireMod=Normal	roofWear=False	layer=10	cols=Box@10	rb=0.3,0.18,0.31	cb=0.22,0.12,0.18@0.22,0.09,0.16	rbc=0.22,0.11,0.16	colDetail=collider{pos=10.77,4.37,8.24,scale=0.22,0.12,0.18,center=0,0,0,size=1,1,1}	snaps=	comps=	ground=False/False	noclip=False
P	piece_UnknownSilverSetting	Unknown Silver Setting	Misc	Iron	sup=True	supWear=True	burn=True	hp=250	fireMod=Resistant	roofWear=False	layer=10	cols=Mesh@10	rb=0.41,0.3,0.41	cb=0.41,0.3,0.41@0,0.14,0	rbc=0,0.14,0	colDetail=	snaps=	comps=	ground=False/False	noclip=False
P	piece_WoodBowL	Larger Runic Bowl	BuildingStonecutter	Wood	sup=True	supWear=True	burn=True	hp=99	fireMod=Normal	roofWear=True	layer=10	cols=Mesh@10	rb=0.29,0.14,0.29	cb=0.29,0.14,0.29@0,0.06,0	rbc=0,0.06,0	colDetail=	snaps=	comps=	ground=False/False	noclip=False
P	piece_WoodBowlSm	Small Runic Bowl	BuildingStonecutter	Wood	sup=True	supWear=True	burn=True	hp=99	fireMod=Normal	roofWear=True	layer=10	cols=Mesh@10	rb=0.15,0.07,0.15	cb=0.15,0.07,0.15@0,0.03,0	rbc=0,0.03,0	colDetail=	snaps=	comps=	ground=False/False	noclip=False
P	piece_WoodenCupSm	Small Wooden Cup	BuildingStonecutter	Wood	sup=True	supWear=True	burn=True	hp=44	fireMod=Normal	roofWear=True	layer=10	cols=Box@10	rb=0.1,0.14,0.11	cb=0.08,0.1,0.07@0,0.04,0	rbc=0,0.06,0	colDetail=collider{pos=0,0.04,0,scale=0.19,0.08,0.21,center=0,0,0,size=0.39,1.21,0.33}	snaps=	comps=	ground=False/False	noclip=False
P	piece_WoodenCupTall	Tall Wooden Cup	BuildingStonecutter	Wood	sup=True	supWear=True	burn=True	hp=200	fireMod=Normal	roofWear=True	layer=10	cols=Box@10	rb=0.12,0.21,0.11	cb=0.09,0.15,0.07@0,0.07,0	rbc=0,0.1,0	colDetail=collider{pos=0,0.04,0,scale=0.23,0.12,0.2,center=0,0,0,size=0.39,1.21,0.33}	snaps=	comps=	ground=False/False	noclip=False
P	piece_WoodPlateL	Wooden Serving Platter	BuildingStonecutter	Wood	sup=True	supWear=True	burn=True	hp=200	fireMod=Normal	roofWear=True	layer=10	cols=Mesh@10	rb=0.6,0.06,0.75	cb=0.6,0.06,0.75@0,0.03,0	rbc=0,0.03,0	colDetail=	snaps=	comps=	ground=False/False	noclip=False
P	piece_WoodPlateSm	Small Wooden Plate	BuildingStonecutter	Wood	sup=True	supWear=True	burn=True	hp=200	fireMod=Normal	roofWear=True	layer=10	cols=Mesh@10	rb=0.27,0.05,0.27	cb=0.27,0.05,0.27@0,0.02,0	rbc=0,0.02,0	colDetail=	snaps=	comps=	ground=False/False	noclip=False
P	piece_BaconWhole	Bacon Slab	Misc	Wood	sup=True	supWear=True	burn=True	hp=35	fireMod=Normal	roofWear=False	layer=10	cols=Box@10	rb=0.66,0.13,0.24	cb=0.49,0.13,0.12@0,0,0	rbc=0,0,0	colDetail=collider{pos=0,0,0,scale=0.49,0.11,0.22,center=0,0,0,size=1,1.22,0.55}	snaps=	comps=	ground=False/False	noclip=False
P	piece_ChickenWhole	Whole Chickenboo	Misc	Wood	sup=True	supWear=True	burn=True	hp=75	fireMod=Normal	roofWear=False	layer=10	cols=Mesh@10	rb=0.52,0.4,0.76	cb=0.52,0.4,0.76@0,0,0	rbc=0,0,0	colDetail=	snaps=	comps=	ground=False/False	noclip=False
P	piece_FishBones	Fishy Bones	Misc	Wood	sup=True	supWear=True	burn=True	hp=10	fireMod=Normal	roofWear=False	layer=10	cols=Box@10	rb=0.54,0.48,0.27	cb=0.43,0.05,0.28@-0.46,-0.04,-0.01	rbc=-0.47,-0.04,-0.01	colDetail=collider{pos=-0.6,-0.06,-0.02,scale=0.44,0.04,0.16,center=0,0,0,size=1,1.22,0.55}	snaps=	comps=	ground=False/False	noclip=False
P	piece_FishFresh	Fresh Fish I	Misc	Wood	sup=True	supWear=True	burn=True	hp=10	fireMod=Normal	roofWear=False	layer=10	cols=Box@10	rb=0.5,0.06,0.19	cb=0.46,0.04,0.08@-0.01,0.03,0	rbc=-0.01,0.03,0	colDetail=collider{pos=-0.01,0.04,0,scale=0.46,0.03,0.15,center=0,0,0,size=1,1.22,0.55}	snaps=	comps=	ground=False/False	noclip=False
P	piece_FishFresh2	Fresh Fish II	Misc	Wood	sup=True	supWear=True	burn=True	hp=10	fireMod=Normal	roofWear=False	layer=10	cols=Box@10	rb=0.84,0.15,0.29	cb=0.74,0.12,0.14@-0.02,0.05,0	rbc=-0.03,0.06,0.01	colDetail=collider{pos=-0.02,0.08,0,scale=0.74,0.1,0.25,center=0,0,0,size=1,1.22,0.55}	snaps=	comps=	ground=False/False	noclip=False
P	piece_FishFresh3	Fresh FIsh III	Misc	Wood	sup=True	supWear=True	burn=True	hp=10	fireMod=Normal	roofWear=False	layer=10	cols=Box@10	rb=0.66,0.08,0.25	cb=0.61,0.06,0.11@-0.02,0.04,0	rbc=-0.04,0.04,0.01	colDetail=collider{pos=-0.02,0.06,0,scale=0.61,0.05,0.2,center=0,0,0,size=1,1.22,0.55}	snaps=	comps=	ground=False/False	noclip=False
P	piece_FishGrilled	Whole Grilled Fish	Misc	Wood	sup=True	supWear=True	burn=True	hp=35	fireMod=Normal	roofWear=False	layer=10	cols=Box@10	rb=0.48,0.05,0.1	cb=0.46,0.04,0.08@0,0,0	rbc=0.01,0,0	colDetail=collider{pos=0,0,0,scale=0.46,0.03,0.15,center=0,0,0,size=1,1.22,0.55}	snaps=	comps=	ground=False/False	noclip=False
P	piece_HamDisk	Sliced Ham	Misc	Wood	sup=True	supWear=True	burn=True	hp=35	fireMod=Normal	roofWear=False	layer=10	cols=Box@10	rb=0.26,0.02,0.26	cb=0.2,0.02,0.18@0,51,0	rbc=0,0,0	colDetail=collider{pos=0,0,0,scale=0.21,0.03,0.38,center=0,0,0,size=0.93,0.53,0.47}	snaps=	comps=	ground=False/False	noclip=False
P	piece_HamWhole	Whole Ham	Misc	Wood	sup=True	supWear=True	burn=True	hp=99	fireMod=Normal	roofWear=False	layer=10	cols=Mesh@10	rb=0.53,0.37,1	cb=0.53,0.37,1@0,0.06,0.19	rbc=0,0.06,0.19	colDetail=	snaps=	comps=	ground=False/False	noclip=False
P	piece_MeatTied	Tied Ham	Misc	Wood	sup=True	supWear=True	burn=True	hp=35	fireMod=Normal	roofWear=False	layer=10	cols=Box@10	rb=0.32,0.31,0.32	cb=0.19,0.22,0.21@0,-0.01,-0.01	rbc=0,0,0	colDetail=collider{pos=0,-0.01,-0.01,scale=0.29,0.33,0.43,center=0,0,0,size=0.67,0.67,0.48}	snaps=	comps=	ground=False/False	noclip=False
P	piece_MeatWhole	Lox Loin	Misc	Wood	sup=True	supWear=True	burn=True	hp=75	fireMod=Normal	roofWear=False	layer=10	cols=Box@10	rb=0.24,0.25,0.63	cb=0.18,0.11,0.44@0,0.03,0.08	rbc=0,0,0.05	colDetail=collider{pos=0,0.03,0.08,scale=0.58,0.23,0.43,center=0,0,0,size=0.76,0.46,0.41}	snaps=	comps=	ground=False/False	noclip=False
P	piece_RoastLoxSlice	Shaved Lox Meat	Misc	Wood	sup=True	supWear=True	burn=True	hp=35	fireMod=Normal	roofWear=False	layer=10	cols=Box@10	rb=0.28,0.08,0.34	cb=0.22,0.04,0.23@-0.08,0,0	rbc=-0.06,0.01,0	colDetail=collider{pos=-0.04,0,0,scale=0.65,0.23,1.17,center=0,0,0,size=0.34,0.18,0.2}	snaps=	comps=	ground=False/False	noclip=False
P	piece_WeenieDisk	Slice o' Sausage	Misc	Wood	sup=True	supWear=True	burn=True	hp=35	fireMod=Normal	roofWear=False	layer=10	cols=Box@10	rb=0.21,0.03,0.21	cb=0.12,0.02,0.09@0,0,0	rbc=0,0,0	colDetail=collider{pos=0,0,0,scale=0.35,0.13,0.47,center=0,0,0,size=0.34,0.18,0.2}	snaps=	comps=	ground=False/False	noclip=False
P	piece_WeenieLinks	Weenie Links	Misc	Wood	sup=True	supWear=True	burn=True	hp=35	fireMod=Normal	roofWear=False	layer=10	cols=Box@10	rb=0.51,0.13,0.59	cb=0.23,0.05,0.32@-0.01,-0.01,-0.02	rbc=-0.03,-0.03,-0.03	colDetail=collider{pos=-0.01,-0.01,-0.02,scale=0.63,0.28,0.23,center=0,0,0,size=0.37,0.18,1.38}	snaps=	comps=	ground=False/False	noclip=False
P	piece_WeenieRope	Sausage Rope	Misc	Wood	sup=True	supWear=True	burn=True	hp=35	fireMod=Normal	roofWear=False	layer=10	cols=Mesh@10	rb=0.4,0.08,0.51	cb=0.4,0.08,0.51@0.03,0,0.21	rbc=0.03,0,0.21	colDetail=	snaps=	comps=	ground=False/False	noclip=False
P	piece_WeenieSingle	A Singular Sausage	Misc	Wood	sup=True	supWear=True	burn=True	hp=10	fireMod=Normal	roofWear=False	layer=10	cols=Box@10	rb=0.07,0.06,0.22	cb=0.04,0.04,0.12@0,-0.01,0	rbc=0,0,0	colDetail=collider{pos=0,-0.01,0,scale=0.34,0.21,0.22,center=0,0,0,size=0.34,0.18,0.2}	snaps=	comps=	ground=False/False	noclip=False
P	piece_WeenieSlice	Halved Cured Sausage 	Misc	Wood	sup=True	supWear=True	burn=True	hp=35	fireMod=Normal	roofWear=False	layer=10	cols=Box@10	rb=0.09,0.09,0.32	cb=0.06,0.07,0.26@0,0,-0.09	rbc=0,0,-0.07	colDetail=collider{pos=0,0,-0.17,scale=0.47,0.11,0.12,center=0,0,0,size=0.56,0.66,0.55}	snaps=	comps=	ground=False/False	noclip=False
P	piece_WeenieWhole	Whole Cured Sausage	Misc	Wood	sup=True	supWear=True	burn=True	hp=35	fireMod=Normal	roofWear=False	layer=10	cols=Box@10	rb=0.14,0.14,0.8	cb=0.12,0.11,0.72@0,0,0	rbc=0,0,0	colDetail=collider{pos=-0.01,-0.01,0,scale=0.46,0.16,0.17,center=0,0,0,size=1.57,0.69,0.69}	snaps=	comps=	ground=False/False	noclip=False
P	piece_DandelionHang	Dried Celler Herbs I	Misc	Wood	sup=True	supWear=True	burn=True	hp=15	fireMod=Normal	roofWear=False	layer=10	cols=Box@10	rb=0.31,0.68,0.33	cb=0.08,0.3,0.06@0.01,-0.14,0.01	rbc=0.01,-0.32,0	colDetail=collider{pos=0.01,-0.07,0,scale=0.08,0.95,0.06,center=0,0,0,size=1.01,0.32,1}	snaps=	comps=	ground=False/False	noclip=False
P	piece_DandelionHang2	Dried Celler Herbs II	Misc	Wood	sup=True	supWear=True	burn=True	hp=35	fireMod=Normal	roofWear=False	layer=10	cols=Box@10	rb=0.28,0.64,0.41	cb=0.09,0.36,0.08@-0.01,-0.15,0	rbc=-0.01,-0.29,0.03	colDetail=collider{pos=-0.01,-0.07,0,scale=0.08,1.28,0.08,center=0,0,0,size=1.01,0.28,1}	snaps=	comps=	ground=False/False	noclip=False
P	piece_FlaxHang	Dried Celler Herbs III	Misc	Wood	sup=True	supWear=True	burn=True	hp=35	fireMod=Normal	roofWear=False	layer=10	cols=Box@10	rb=0.52,1.36,0.74	cb=0.09,0.32,0.08@0,0.15,-0.01	rbc=0.02,-0.31,-0.01	colDetail=collider{pos=0,0.07,0,scale=0.08,1,0.08,center=0,0,0,size=1.01,0.32,1}	snaps=	comps=	ground=False/False	noclip=False
P	piece_GarlicHang	Celler Garlic	Misc	Wood	sup=True	supWear=True	burn=True	hp=35	fireMod=Normal	roofWear=False	layer=10	cols=Box@10	rb=0.17,0.88,0.23	cb=0.08,0.87,0.06@-0.01,-0.18,0	rbc=0,-0.18,0	colDetail=collider{pos=-0.01,-0.1,0,scale=0.06,1.1,0.06,center=0,0,0,size=1.24,0.79,1}	snaps=	comps=	ground=False/False	noclip=False
P	piece_OnionHang	Celler Onion	Misc	Wood	sup=True	supWear=True	burn=True	hp=35	fireMod=Normal	roofWear=False	layer=10	cols=Box@10	rb=0.35,1.59,0.4	cb=0.17,1.6,0.08@-0.01,-0.3,0	rbc=-0.01,-0.28,-0.01	colDetail=collider{pos=-0.01,-0.14,0,scale=0.07,1.41,0.06,center=0,0,0,size=2.28,1.14,1.36}	snaps=	comps=	ground=False/False	noclip=False
P	piece_PepperHang	Celler Hot Peppers	Misc	Wood	sup=True	supWear=True	burn=True	hp=35	fireMod=Normal	roofWear=False	layer=10	cols=Box@10	rb=0.32,1.26,0.35	cb=0.08,0.93,0.05@0,-0.06,0	rbc=0.01,-0.21,0	colDetail=collider{pos=0,-0.03,0,scale=0.1,1.22,0.17,center=0,0,0,size=0.84,0.76,0.26}	snaps=	comps=	ground=False/False	noclip=False
P	piece_TomatoSliced	Sliced Tomatos	Misc	Wood	sup=True	supWear=True	burn=True	hp=5	fireMod=Normal	roofWear=False	layer=10	cols=Box@10	rb=0.11,0.03,0.2	cb=0.1,0.01,0.15@0,0,0.07	rbc=0,0.01,0.07	colDetail=collider{pos=0,0,0.07,scale=0.11,0.02,0.31,center=0,0,0,size=0.93,0.53,0.47}	snaps=	comps=	ground=False/False	noclip=False
P	piece_VeggiesCrate	Turnip Crate	Misc	Wood	sup=True	supWear=True	burn=True	hp=200	fireMod=Normal	roofWear=True	layer=10	cols=Box@10	rb=0.81,0.3,0.52	cb=0.77,0.21,0.49@0.02,-0.08,0	rbc=0.01,-0.04,0.02	colDetail=collider{pos=0.02,-0.08,0,scale=0.77,0.21,0.49,center=0,0,0,size=1,1,1}	snaps=	comps=	ground=False/False	noclip=False
P	piece_VeggiesCrate1	Veggie Crate	Misc	Wood	sup=True	supWear=True	burn=True	hp=200	fireMod=Normal	roofWear=True	layer=10	cols=Box@10	rb=0.77,0.28,0.48	cb=0.77,0.21,0.49@1.18,0.11,1.3	rbc=1.19,0.14,1.29	colDetail=collider{pos=1.18,0.11,1.3,scale=0.77,0.21,0.49,center=0,0,0,size=1,1,1}	snaps=	comps=	ground=False/False	noclip=False
P	piece_VeggiesCrate2	Ugly Onion Crate	Misc	Wood	sup=True	supWear=True	burn=True	hp=200	fireMod=Normal	roofWear=True	layer=10	cols=Box@10	rb=0.77,0.3,0.47	cb=0.77,0.21,0.49@0.37,0.11,1.33	rbc=0.38,0.15,1.32	colDetail=collider{pos=0.37,0.11,1.33,scale=0.77,0.21,0.49,center=0,0,0,size=1,1,1}	snaps=	comps=	ground=False/False	noclip=False
P	piece_VeggiesCrate3	Mystery Greens Crate	Misc	Wood	sup=True	supWear=True	burn=True	hp=200	fireMod=Normal	roofWear=True	layer=10	cols=Box@10	rb=0.77,0.3,0.48	cb=0.77,0.21,0.49@1.18,0.1,0.24	rbc=1.19,0.15,0.24	colDetail=collider{pos=1.18,0.1,0.24,scale=0.77,0.21,0.49,center=0,0,0,size=1,1,1}	snaps=	comps=	ground=False/False	noclip=False
P	piece_VeggiesCrate4	Apple Crate	Misc	Wood	sup=True	supWear=True	burn=True	hp=200	fireMod=Normal	roofWear=True	layer=10	cols=Box@10	rb=0.77,0.26,0.47	cb=0.77,0.21,0.49@0.4,0.11,0.79	rbc=0.38,0.14,0.78	colDetail=collider{pos=0.4,0.11,0.79,scale=0.77,0.21,0.49,center=0,0,0,size=1,1,1}	snaps=	comps=	ground=False/False	noclip=False
P	piece_VeggiesCrate5	Garlic Crate	Misc	Wood	sup=True	supWear=True	burn=True	hp=200	fireMod=Normal	roofWear=True	layer=10	cols=Box@10	rb=0.77,0.23,0.47	cb=0.77,0.21,0.49@0.39,0.11,1.84	rbc=0.38,0.12,1.84	colDetail=collider{pos=0.39,0.11,1.84,scale=0.77,0.21,0.49,center=0,0,0,size=1,1,1}	snaps=	comps=	ground=False/False	noclip=False
P	piece_VeggiesCrate6	Carrot Crate	Misc	Wood	sup=True	supWear=True	burn=True	hp=200	fireMod=Normal	roofWear=True	layer=10	cols=Box@10	rb=0.77,0.47,0.47	cb=0.77,0.38,0.54@1.18,0.19,1.81	rbc=1.18,0.24,1.82	colDetail=collider{pos=1.18,0.19,1.81,scale=0.77,0.38,0.54,center=0,0,0,size=1,1,1}	snaps=	comps=	ground=False/False	noclip=False
P	piece_SheaWoodArch	Sheawood Arch	BuildingWorkbench	Wood	sup=True	supWear=True	burn=True	hp=400	fireMod=Normal	roofWear=True	layer=10	cols=Box@10 Box@10 Box@10	rb=2.26,2.22,0.49	cb=2.21,2.22,0.4@0.91,51.11,0	rbc=0.88,1.1,0	colDetail=collider{pos=0,1.1,0,scale=0.4,2.2,0.4,center=0,0,0,size=1,1,1} collider (1){pos=1.11,2.02,0,scale=1.8,0.4,0.4,center=0,0,0,size=1,1,1} collider (2){pos=0.68,1.36,0,scale=1.8,0.55,0.2,center=0,0,0,size=1,1,1}	snaps=0,0,0 0,2,0 2,2,0	comps=	ground=False/False	noclip=False
P	piece_SheawoodBeam	Sheawood Stained Short Beam	BuildingWorkbench	Wood	sup=True	supWear=True	burn=True	hp=400	fireMod=Normal	roofWear=True	layer=10	cols=Box@10	rb=2.02,0.41,0.49	cb=2,0.4,0.4@0,50.5,0	rbc=0,0.26,0	colDetail=collider{pos=0,0.25,0,scale=2,0.4,0.4,center=0,0,0,size=1,1,1}	snaps=1,0.25,0 -1,0.25,0	comps=	ground=False/False	noclip=False
P	piece_SheawoodBeam4	Sheawood Stained Long Beam	BuildingWorkbench	Wood	sup=True	supWear=True	burn=True	hp=400	fireMod=Normal	roofWear=True	layer=10	cols=Box@10	rb=4.02,0.42,0.49	cb=4,0.4,0.4@0,0.31,0	rbc=0,0.31,0	colDetail=collider (1){pos=0,0.31,0,scale=4,0.4,0.4,center=0,0,0,size=1,1,1}	snaps=-2,0.31,0 2,0.31,0	comps=	ground=False/False	noclip=False
P	piece_SheawoodBeam2	Sheawood Stained Mid Pole	BuildingWorkbench	Wood	sup=True	supWear=True	burn=True	hp=400	fireMod=Normal	roofWear=True	layer=10	cols=Box@10	rb=0.49,2.02,0.49	cb=0.4,2,0.4@0,-0.04,0	rbc=0,-0.04,0	colDetail=collider{pos=0,-0.04,0,scale=0.4,2,0.4,center=0,0,0,size=1,1,1}	snaps=0,0.96,0 0,-1.04,0	comps=	ground=False/False	noclip=False
P	piece_SheawoodBeam3	Sheawood Stained Long Pole	BuildingWorkbench	Wood	sup=True	supWear=True	burn=True	hp=400	fireMod=Normal	roofWear=True	layer=10	cols=Box@10	rb=0.49,4.02,0.49	cb=0.4,4,0.4@-0.28,-0.01,0	rbc=-0.28,-0.01,0	colDetail=collider (1){pos=-0.28,-0.01,0,scale=4,0.4,0.4,center=0,0,0,size=1,1,1}	snaps=-0.28,1.99,0 -0.28,-2.01,0	comps=	ground=False/False	noclip=False
P	piece_SheasWoodBeam1	Sheawood Short Beam	BuildingWorkbench	Wood	sup=True	supWear=True	burn=True	hp=400	fireMod=Normal	roofWear=True	layer=10	cols=Box@10	rb=1,0.4,0.4	cb=1,0.4,0.4@0,51,0	rbc=0,0,0	colDetail=collider{pos=0,0,0,scale=1,0.4,0.4,center=0,0,0,size=1,1,1}	snaps=0.5,0,0 -0.5,0,0	comps=	ground=False/False	noclip=False
P	piece_SheasWoodBeam2	Sheawood Long Beam	BuildingWorkbench	Wood	sup=True	supWear=True	burn=True	hp=400	fireMod=Normal	roofWear=True	layer=10	cols=Box@10	rb=2,0.4,0.4	cb=2,0.4,0.4@0.38,51.35,0.3	rbc=0,0,0	colDetail=collider (1){pos=0,0,0,scale=2,0.4,0.4,center=0,0,0,size=1,1,1}	snaps=-1,0,0 1,0,0	comps=	ground=False/False	noclip=False
P	piece_SheaWoodBeam6	Sheawood Short Pole	BuildingWorkbench	Wood	sup=True	supWear=True	burn=True	hp=400	fireMod=Normal	roofWear=True	layer=10	cols=Box@10	rb=0.4,1,0.4	cb=0.4,1,0.4@0,0,0	rbc=0,0,0	colDetail=collider{pos=0,0,0,scale=1,0.4,0.4,center=0,0,0,size=1,1,1}	snaps=0,-0.5,0 0,0.5,0	comps=	ground=False/False	noclip=False
P	piece_SheaWoodBeam5	Sheawood Mid Pole	BuildingWorkbench	Wood	sup=True	supWear=True	burn=True	hp=400	fireMod=Normal	roofWear=True	layer=10	cols=Box@10	rb=0.4,2,0.4	cb=0.4,2,0.4@0,0,0	rbc=0,0,0	colDetail=collider{pos=0,0,0,scale=2,0.4,0.4,center=0,0,0,size=1,1,1}	snaps=0,1,0 0,-1,0	comps=	ground=False/False	noclip=False
P	piece_SheaWoodIronBeam	Sheawood Iron Beam	BuildingWorkbench	Iron	sup=True	supWear=True	burn=True	hp=400	fireMod=Normal	roofWear=False	layer=10	cols=Box@10	rb=2.02,0.31,0.39	cb=2,0.3,0.3@0,51,0	rbc=0,0,0	colDetail=collider{pos=0,0,0,scale=0.3,2,0.3,center=0,0,0,size=1,1,1}	snaps=1,0,0 -1,0,0	comps=	ground=False/False	noclip=False
P	piece_SheaWoodIronBeamP	Sheawood Iron Pole	BuildingWorkbench	Iron	sup=True	supWear=True	burn=True	hp=400	fireMod=Normal	roofWear=False	layer=10	cols=Box@10	rb=0.32,2.03,0.39	cb=0.3,2,0.3@0,51,0	rbc=0,0,0	colDetail=collider{pos=0,0,0,scale=0.3,2,0.3,center=0,0,0,size=1,1,1}	snaps=0,1,0 0,-1,0	comps=	ground=False/False	noclip=False
P	piece_SheaWoodCross26	Sheawood Cross 26	BuildingWorkbench	Wood	sup=True	supWear=True	burn=True	hp=400	fireMod=Normal	roofWear=True	layer=10	cols=Box@10 Box@10	rb=2.53,1.67,0.41	cb=2.53,1.67,0.41@0,0.5,0	rbc=0,0.5,0	colDetail=collider{pos=0,0.5,0,scale=0.4,0.6,2.53,center=0,0,0,size=1,1,1} collider{pos=0,0.5,0.01,scale=0.4,0.6,2.4,center=0,0,0,size=1,1,1}	snaps=-1,0,0 1,0,0 0,0.5,0 -1,1,0 1,1,0	comps=	ground=False/False	noclip=False
P	piece_SheaWoodCross45	Sheawood Cross 45	BuildingWorkbench	Wood	sup=True	supWear=True	burn=True	hp=400	fireMod=Normal	roofWear=True	layer=10	cols=Box@10 Box@10	rb=2.55,2.55,0.41	cb=2.43,2.43,0.41@0,1,0	rbc=0,1,0	colDetail=collider{pos=0,1,0,scale=0.4,0.6,2.84,center=0,0,0,size=1,1,1} collider{pos=0,1,0.01,scale=0.4,0.6,2.84,center=0,0,0,size=1,1,1}	snaps=-1,0,0 0,1,0 1,0,0 1,2,0 -1,2,0	comps=	ground=False/False	noclip=False
P	piece_SheaWoodSlanty26	Sheawood Slanty 26	BuildingWorkbench	Wood	sup=True	supWear=True	burn=True	hp=400	fireMod=Normal	roofWear=True	layer=10	cols=Box@10	rb=2.27,1.54,0.4	cb=2.27,1.54,0.4@0,0.5,0	rbc=0,0.5,0	colDetail=Collider{pos=0,0.5,0,scale=0.4,0.6,2.24,center=0,0,0,size=1,1,1}	snaps=-1,0,0 1,1,0	comps=	ground=False/False	noclip=False
P	piece_SheaWoodSlanty45	Sheawood Slanty 45	BuildingWorkbench	Wood	sup=True	supWear=True	burn=True	hp=400	fireMod=Normal	roofWear=True	layer=10	cols=Box@10	rb=2.43,2.43,0.4	cb=2.43,2.43,0.4@0,0,0	rbc=0,0,0	colDetail=Collider{pos=0,0,0,scale=0.4,0.6,2.83,center=0,0,0,size=1,1,1}	snaps=-1,-1,0 1,1,0	comps=	ground=False/False	noclip=False
P	piece_SheaCorner26	Sheawood Corner Roof 26	BuildingWorkbench	Wood	sup=True	supWear=True	burn=True	hp=400	fireMod=Normal	roofWear=True	layer=10	cols=Box@10 Box@10 Box@10 Box@10 Box@10 Box@10 Box@10	rb=2.66,1.53,2.74	cb=2.4,1.37,2.4@0,50.77,0	rbc=0.13,0.68,0.09	colDetail=colliders/centerBeam{pos=0,0.77,0,scale=0.4,0.44,2.99,center=0,0,0,size=1,1,1} colliders/plank{pos=-0.15,0.57,0.72,scale=0.1,0.5,2,center=0,0,0,size=1,1,1} colliders/plank (1){pos=-0.42,0.7,0.22,scale=0.1,0.5,1.41,center=0,0,0,size=1,1,1} colliders/plank (2){pos=-0.66,0.83,-0.31,scale=0.1,0.55,0.86,center=0,0,0,size=1,1,1} colliders/plank (3){pos=0.72,0.57,-0.15,scale=0.1,0.5,2,center=0,0,0,size=1,1,1} colliders/plank (4){pos=0.22,0.72,-0.45,scale=0.1,0.5,1.34,center=0,0,0,size=1,1,1} colliders/plank (5){pos=-0.28,0.84,-0.68,scale=0.1,0.5,0.81,center=0,0,0,size=1,1,1}	snaps=1,1,-1 1,0,1 -1,1,-1 -1,1,1	comps=	ground=False/False	noclip=False
P	piece_SheaCorner45	Sheawood Corner Roof 45	BuildingWorkbench	Wood	sup=True	supWear=True	burn=True	hp=400	fireMod=Normal	roofWear=True	layer=10	cols=Box@10 Box@10 Box@10 Box@10 Box@10 Box@10 Box@10	rb=2.79,2.46,2.83	cb=2.38,2.24,2.38@0.09,51.23,0.09	rbc=0.36,1.12,0.32	colDetail=colliders/centerBeam{pos=0.02,1.3,0.02,scale=0.31,0.44,3.13,center=0,0,0.04,size=1,1,1.08} colliders/plank{pos=-0.19,1.16,0.72,scale=0.1,0.5,2.36,center=0,0,0,size=1,1,1} colliders/plank (1){pos=-0.39,1.36,0.22,scale=0.1,0.5,1.79,center=0,0,0,size=1,1,1} colliders/plank (2){pos=-0.66,1.63,-0.34,scale=0.1,0.61,0.99,center=0,0,0,size=1,1,1} colliders/plank (3){pos=0.72,1.13,-0.16,scale=0.1,0.5,2.37,center=0,0,0,size=1,1,1} colliders/plank (4){pos=0.22,1.31,-0.31,scale=0.1,0.5,1.9,center=0,0,0,size=1,1,1} colliders/plank (5){pos=-0.32,1.58,-0.58,scale=0.1,0.58,1.14,center=0,0,0,size=1,1,1}	snaps=1,2,-1 1,0,1 -1,2,-1 -1,2,1	comps=	ground=False/False	noclip=False
P	piece_SheaCornerP26	Sheawood Corner Roof P26	BuildingWorkbench	Wood	sup=True	supWear=True	burn=True	hp=400	fireMod=Normal	roofWear=True	layer=10	cols=Box@10 Box@10 Box@10 Box@10 Box@10 Box@10 Box@10	rb=3.04,1.58,3.08	cb=2.74,1.35,2.74@0.15,51.57,0.15	rbc=0.17,0.53,0.23	colDetail=colliders (1)/centerBeam{pos=0,0.64,0,scale=0.6,0.3,3.16,center=0,0,0.07,size=1,1,1.06} colliders (1)/plank (1){pos=0.21,0.39,-0.74,scale=0.1,0.5,1.89,center=0,0,0,size=1,1,1} colliders (1)/plank (3){pos=0.45,0.27,-0.24,scale=0.1,0.5,1.35,center=0,0,0,size=1,1,1} colliders (1)/plank (4){pos=0.7,0.15,0.25,scale=0.1,0.5,0.8,center=0,0,0,size=1,1,1} colliders (1)/plank{pos=-0.74,0.4,0.2,scale=0.1,0.5,1.91,center=0,0,0,size=1,1,1} colliders (1)/plank (5){pos=-0.24,0.28,0.44,scale=0.1,0.5,1.38,center=0,0,0,size=1,1,1} colliders (1)/plank (6){pos=0.26,0.16,0.68,scale=0.1,0.5,0.83,center=0,0,0,size=1,1,1}	snaps=1,0,1 -1,1,-1 1,0,-1 -1,0,1	comps=	ground=False/False	noclip=False
P	piece_SheaCornerP45	Sheawood Corner Roof P45	BuildingWorkbench	Wood	sup=True	supWear=True	burn=True	hp=400	fireMod=Normal	roofWear=True	layer=10	cols=Box@10 Box@10 Box@10 Box@10 Box@10 Box@10 Box@10	rb=2.9,2.65,2.98	cb=2.52,2.3,2.52@0.08,51,0.08	rbc=0.24,0.9,0.28	colDetail=colliders (2)/centerBeam{pos=0.02,0.78,0.02,scale=1,0.44,3.68,center=0.23,0,-0.02,size=0.33,1,0.97} colliders (2)/plank (1){pos=0.26,0.76,-0.74,scale=0.1,0.5,2.22,center=0,0,-0.03,size=1,1,1.06} colliders (2)/plank (3){pos=0.43,0.54,-0.24,scale=0.1,0.5,1.67,center=0,0,0,size=1,1,1} colliders (2)/plank (4){pos=0.69,0.3,0.25,scale=0.1,0.5,0.89,center=0,0,0,size=1,1,1} colliders (2)/plank{pos=-0.74,0.75,0.24,scale=0.1,0.5,2.21,center=0,0,-0.02,size=1,1,1.05} colliders (2)/plank (2){pos=-0.24,0.55,0.44,scale=0.1,0.5,1.66,center=0,0,0,size=1,1,1} colliders (2)/plank (5){pos=0.26,0.3,0.69,scale=0.1,0.5,0.94,center=0,0,0,size=1,1,1}	snaps=-1,2,-1 -1,0,1 1,0,-1 1,0,1	comps=	ground=False/False	noclip=False
P	piece_SheaRoofTop26	Sheawood Roof Top 26	BuildingWorkbench	Wood	sup=True	supWear=True	burn=True	hp=400	fireMod=Normal	roofWear=True	layer=10	cols=Box@10 Box@10 Box@10	rb=2.41,1.01,3.47	cb=2.21,0.85,2@0,51.34,0	rbc=0.01,0.27,0	colDetail=collider (2){pos=0,0.53,0,scale=2,0.2,2.37,center=0,0,0.27,size=1,1,0.46} collider (3){pos=0,0.41,0,scale=0.5,0.5,2,center=0,0,0,size=1,1,1} collider (4){pos=0,0.53,0,scale=2,0.2,2.37,center=0,0,0.27,size=1,1,0.46}	snaps=-1,0,1 -1,0,-1 1,0,1 1,0,-1	comps=	ground=False/False	noclip=False
P	piece_SheaRoofTop45	Sheawood Roof Top 45	BuildingWorkbench	Wood	sup=True	supWear=True	burn=True	hp=400	fireMod=Normal	roofWear=True	layer=10	cols=Box@10 Box@10 Box@10	rb=2.32,1.66,3.36	cb=2.12,1.25,2@0.01,50.56,0	rbc=0,0.38,0.01	colDetail=collider (4){pos=0,1,0,scale=2,0.2,2.61,center=0,0,0.28,size=1,1,0.49} collider (5){pos=0,0.98,0.02,scale=2,0.2,2.61,center=0,0,0.28,size=1,1,0.49} collider (1){pos=0,0.83,0,scale=0.5,0.5,2,center=0,0,0,size=1,1,1}	snaps=1,0,-1 1,0,1 -1,0,-1 -1,0,1 1,1,0 -1,1,0	comps=	ground=False/False	noclip=False
P	piece_SheaWoodRoof26	Sheawood Roof 26	BuildingWorkbench	Wood	sup=True	supWear=True	burn=True	hp=400	fireMod=Normal	roofWear=False	layer=10	cols=Box@10	rb=2.38,1.16,2.7	cb=2.12,1.13,2@0,50.52,0	rbc=0,0.49,0.3	colDetail=collider (1){pos=0,0.52,0,scale=2,0.14,2.29,center=0,0,0,size=1,1,1}	snaps=1,1,-1 1,0,1 -1,1,-1 -1,0,1	comps=	ground=False/False	noclip=False
P	piece_SheaWoodRoof45	Sheawood Roof 45	BuildingWorkbench	Wood	sup=True	supWear=True	burn=True	hp=400	fireMod=Normal	roofWear=False	layer=10	cols=Box@10	rb=2.36,2.47,2.76	cb=2.14,2.14,2@0.03,51.03,0	rbc=0,-0.16,0.35	colDetail=collider (1){pos=0,0.03,0.03,scale=2,0.2,2.83,center=0,0,0,size=1,1,1}	snaps=1,1,-1 1,-1,1 -1,-1,1 -1,1,-1	comps=	ground=False/False	noclip=False
P	piece_SheaWoodFloor	Sheawood Floor	BuildingWorkbench	Wood	sup=True	supWear=True	burn=True	hp=400	fireMod=Normal	roofWear=True	layer=10	cols=Box@10	rb=2.01,0.22,2	cb=2,0.13,2@-0.01,0.02,-0.01	rbc=-0.01,-0.04,-0.01	colDetail=collider{pos=-0.01,0.03,-0.01,scale=2,0.1,2,center=0,-0.05,0,size=1,1.3,1}	snaps=-1,-0.01,1 1,-0.01,1 -1,-0.01,-1 1,-0.01,-1	comps=	ground=False/False	noclip=False
P	piece_SheawoodFloorSmoll	Sheawood Floor 1x1	BuildingWorkbench	Wood	sup=True	supWear=True	burn=True	hp=400	fireMod=Normal	roofWear=False	layer=10	cols=Box@10	rb=0.99,0.1,1	cb=1,0.13,1@-2.01,52.03,-1.01	rbc=-0.02,0.03,-0.01	colDetail=collider{pos=-0.01,0.04,-0.01,scale=1,0.1,1,center=0,-0.05,0,size=1,1.3,1}	snaps=0.5,0,-0.5 -0.5,0,-0.5 0.5,0,0.5 -0.5,0,0.5	comps=	ground=False/False	noclip=False
P	piece_SheaGateFancy	Sheawood Stained Gate	BuildingWorkbench	HardWood	sup=True	supWear=True	burn=True	hp=1000	fireMod=Normal	roofWear=False	layer=10	cols=Box@10 Box@10 Box@10 Box@10 Box@10 Mesh@10	rb=2.02,4.01,0.59	cb=2.02,4.02,0.45@-0.01,2,0	rbc=-0.01,2,0	colDetail=collider{pos=0.85,2,0,scale=0.3,4,0.45,center=0,0,0,size=1,1,1} collider{pos=-0.01,3.9,0,scale=2,0.24,0.4,center=0,0,0,size=1,1,1} collider{pos=0.52,3.62,0,scale=0.89,0.78,0.32,center=0,0,0,size=1,1,1} collider{pos=0.25,3.34,0,scale=1.54,0.39,0.32,center=0,0,0,size=1,1,1} collider{pos=-0.42,3.75,0,scale=0.67,0.25,0.32,center=0,0,0,size=1,1,1}	snaps=1,0,0 -1,0,0 1,4,0 -1,4,0 1,2,0 -1,2,0	comps=Door	ground=False/False	noclip=False
P	piece_SheaWoodGate	Sheawood Gate	BuildingWorkbench	Wood	sup=True	supWear=True	burn=True	hp=400	fireMod=Normal	roofWear=False	layer=10	cols=Box@10 Box@10	rb=1.99,3.03,0.5	cb=1.98,3,0.5@0.01,0.5,0	rbc=0,0.49,0	colDetail=door{pos=0.69,0,0,scale=1,1,1,center=-0.83,0.5,0,size=1.68,3,0.2} New/plank (3){pos=0.85,0.5,0,scale=0.5,0.3,3,center=0,0,0,size=1,1,1}	snaps=1,1,0 -1,1,0 1,-1,0 -1,-1,0 1,2,0 -1,2,0	comps=Door	ground=False/False	noclip=False
P	piece_GoldenGate	Golden Darkwood Gate	BuildingWorkbench	HardWood	sup=True	supWear=True	burn=True	hp=1000	fireMod=Normal	roofWear=False	layer=10	cols=Box@10 Box@10 Box@10 Box@10 Box@10 Mesh@10	rb=2.02,4.01,0.59	cb=2.02,4.02,0.45@-0.01,52,0	rbc=-0.01,2,0	colDetail=collider{pos=0.85,2,0,scale=0.3,4,0.45,center=0,0,0,size=1,1,1} collider{pos=-0.01,3.9,0,scale=2,0.24,0.4,center=0,0,0,size=1,1,1} collider{pos=0.52,3.62,0,scale=0.89,0.78,0.32,center=0,0,0,size=1,1,1} collider{pos=0.25,3.34,0,scale=1.54,0.39,0.32,center=0,0,0,size=1,1,1} collider{pos=-0.42,3.75,0,scale=0.67,0.25,0.32,center=0,0,0,size=1,1,1}	snaps=1,0,0 -1,0,0 1,4,0 -1,4,0 1,2,0 -1,2,0	comps=Door	ground=False/False	noclip=False
P	piece_SheaWoodMiniGate	Sheawood Gate Mini	BuildingWorkbench	Wood	sup=True	supWear=True	burn=True	hp=400	fireMod=Normal	roofWear=False	layer=10	cols=Box@10 Box@10	rb=1.99,0.98,0.5	cb=1.98,0.97,0.5@0.01,-0.52,0	rbc=0,-0.52,0	colDetail=door{pos=0.69,-0.68,0,scale=1,0.32,1,center=-0.83,0.5,0,size=1.68,3,0.2} New/plank (3){pos=0.85,0.5,0,scale=0.5,0.3,0.97,center=0,0,0,size=1,1,1}	snaps=1,0.32,0 -1,0.32,0 1,-1.68,0 -1,-1.68,0 1,1.32,0 -1,1.32,0	comps=Door	ground=False/False	noclip=False
P	piece_SheaWoodWindow1	Sheawood Window I	BuildingWorkbench	Wood	sup=True	supWear=True	burn=True	hp=400	fireMod=Normal	roofWear=False	layer=10	cols=Box@10 Box@10	rb=2.03,3.02,0.29	cb=2,2.99,0.3@2.02,501.5,-0.01	rbc=0.01,0.49,-0.01	colDetail=GameObject{pos=0.02,0,-0.01,scale=1,1,1,center=0,0,0,size=2,2,0.3} GameObject (1){pos=0.02,1.49,-0.01,scale=1,1,1,center=0,0,0,size=2,1,0.3}	snaps=1.02,1.99,-0.01 -0.98,1.99,-0.01 1.02,-1,-0.01 -0.99,-1,-0.01 1.02,1,-0.01 -0.99,1,-0.01	comps=	ground=False/False	noclip=False
P	piece_SheaWoodWindow2	Sheawood Window II	BuildingWorkbench	Wood	sup=True	supWear=True	burn=True	hp=400	fireMod=Normal	roofWear=False	layer=10	cols=Box@10 Box@10 Box@10 Box@10 Box@10 Box@10 Box@10 Box@10 Box@10 Box@10	rb=2.03,3.03,0.29	cb=2,3,0.31@2.02,501.49,-0.01	rbc=0.02,0.48,0	colDetail=GameObject (6){pos=0.02,1.49,-0.01,scale=1,1,1,center=0,0,0,size=2,1,0.3} GameObject (3){pos=0.02,-0.91,-0.01,scale=1,0.1,1,center=0,0,0,size=2,2,0.3} GameObject (2){pos=0.02,1.89,-0.01,scale=1,0.1,1,center=0,0,0,size=2,2,0.3} GameObject (1){pos=0.02,0.49,0,scale=0.05,1,1,center=0,0,0,size=2,3,0.3} GameObject (4){pos=0.02,1.02,0,scale=0.89,1,1,center=0,0,0,size=2,0.04,0.3} GameObject (5){pos=0.02,0.14,0,scale=0.87,1,1,center=0,0,0,size=2,0.04,0.3} GameObject (7){pos=-0.9,0,-0.01,scale=0.08,1,1,center=0,0,0,size=2,2,0.3} GameObject (8){pos=0.93,0,-0.01,scale=0.08,1,1,center=0,0,0,size=2,2,0.3} GameObject (9){pos=-0.9,1.27,-0.01,scale=0.08,0.7,1,center=0,0,0,size=2,2,0.3} GameObject (10){pos=0.93,1.27,-0.01,scale=0.08,0.7,1,center=0,0,0,size=2,2,0.3}	snaps=-0.99,1,-0.01 1.02,1,-0.01 -0.99,-1,-0.01 1.02,-1,-0.01 -0.98,1.99,-0.01 1.02,1.99,-0.01	comps=	ground=False/False	noclip=False
P	piece_SheaWoodWindow3	Sheawood Window III	BuildingWorkbench	Wood	sup=True	supWear=True	burn=True	hp=400	fireMod=Normal	roofWear=False	layer=10	cols=Box@10 Box@10	rb=2.11,3.08,0.15	cb=2,2.99,0.3@2.02,501.5,-0.01	rbc=0.03,0.47,-0.01	colDetail=GameObject (2){pos=0.02,1.49,-0.01,scale=1,1,1,center=0,0,0,size=2,1,0.3} GameObject (1){pos=0.02,0,-0.01,scale=1,1,1,center=0,0,0,size=2,2,0.3}	snaps=-0.99,1,-0.01 1.02,1,-0.01 -0.99,-1,-0.01 1.02,-1,-0.01 -0.98,1.99,-0.01 1.02,1.99,-0.01	comps=	ground=False/False	noclip=False
P	piece_SheaWoodWindow4	Sheawood Window IV	BuildingWorkbench	Wood	sup=True	supWear=True	burn=True	hp=400	fireMod=Normal	roofWear=False	layer=10	cols=Box@10	rb=2.03,2.02,0.29	cb=2,2,0.3@0,51,0	rbc=0.01,0.01,0	colDetail=piece_SheaWoodWindow4(Clone){pos=0,0,0,scale=1,1,1,center=0,0,0,size=2,2,0.3}	snaps=-1,-0.98,0 1,-0.98,0 -1,1.02,0 1,1.02,0	comps=	ground=False/False	noclip=False
P	piece_SheaWoodWindow5	Sheawood Window V	BuildingWorkbench	Wood	sup=True	supWear=True	burn=True	hp=400	fireMod=Normal	roofWear=False	layer=10	cols=Box@10 Box@10 Box@10 Box@10 Box@10 Box@10 Box@10 Box@10	rb=2.03,2.02,0.29	cb=2.03,2.03,0.31@0,51.01,0	rbc=0,0.02,0	colDetail=piece_SheaWoodWindow5(Clone){pos=0,0,0,scale=1,1,1,center=0,0,0,size=2,2,0.3} GameObject (2){pos=0,0,0.01,scale=0.06,1,1,center=0,0,0,size=2,1.99,0.3} GameObject (3){pos=-0.93,0,0.01,scale=0.08,1,1,center=0,0,0,size=2,2,0.3} GameObject (4){pos=0.93,0,0.01,scale=0.08,1,1,center=0,0,0,size=2,2,0.3} GameObject (5){pos=0,-0.2,0.01,scale=1,1,1,center=0,0,0,size=2,0.04,0.3} GameObject (6){pos=0,0.4,0.01,scale=1,1,1,center=0,0,0,size=2,0.04,0.3} GameObject (7){pos=0,0.97,0.01,scale=1,1,1,center=0,0,0,size=2,0.11,0.3} GameObject (8){pos=0,-0.93,0.01,scale=1,1,1,center=0,0,0,size=2,0.11,0.3}	snaps=1,1.02,0 -1,1.02,0 1,-0.98,0 -1,-0.98,0	comps=	ground=False/False	noclip=False
P	piece_SheaWoodWindow6	Sheawood Mini Window VI	BuildingWorkbench	Wood	sup=True	supWear=True	burn=True	hp=400	fireMod=Normal	roofWear=False	layer=10	cols=Box@10	rb=2.12,1.09,0.15	cb=2,1,0.3@2.02,502.49,-0.01	rbc=0.03,1.49,-0.01	colDetail=GameObject (2){pos=0.02,1.49,-0.01,scale=1,1,1,center=0,0,0,size=2,1,0.3}	snaps=-0.99,1,-0.01 1.02,1,-0.01 -0.98,1.99,-0.01 1.02,1.99,-0.01	comps=	ground=False/False	noclip=False
P	piece_SheaWoodWindow7	Sheawood Mini Window VII	BuildingWorkbench	Wood	sup=True	supWear=True	burn=True	hp=400	fireMod=Normal	roofWear=False	layer=10	cols=Box@10 Box@10 Box@10 Box@10	rb=2.03,1.04,0.29	cb=2,1,0.3@0.02,1.49,-0.01	rbc=0.01,1.49,-0.01	colDetail=GameObject (2){pos=-0.87,1.49,-0.01,scale=0.12,1,1,center=0,0,0,size=2,1,0.3} GameObject (3){pos=0.9,1.49,-0.01,scale=0.12,1,1,center=0,0,0,size=2,1,0.3} GameObject (4){pos=0.02,1.96,-0.01,scale=1,0.07,1,center=0,0,0,size=2,1,0.3} GameObject (5){pos=0.02,1.03,-0.01,scale=1,0.07,1,center=0,0,0,size=2,1,0.3}	snaps=1.02,1.99,-0.01 -0.98,1.99,-0.01 1.02,1,-0.01 -0.99,1,-0.01	comps=	ground=False/False	noclip=False
P	piece_SheaWoodWall	Sheawood Wall	BuildingWorkbench	Wood	sup=True	supWear=True	burn=True	hp=400	fireMod=Normal	roofWear=False	layer=10	cols=Box@10	rb=2,2,0.43	cb=2,2,0.3@0,51,0	rbc=0,0,-0.06	colDetail=piece_SheaWoodWall(Clone){pos=0,0,0,scale=1,1,1,center=0,0,0,size=2,2,0.3}	snaps=1,1,0 -1,1,0 1,-1,0 -1,-1,0	comps=	ground=False/False	noclip=False
P	piece_SheaWoodHalf	Sheawood Wall Half	BuildingWorkbench	Wood	sup=True	supWear=True	burn=True	hp=400	fireMod=Normal	roofWear=False	layer=10	cols=Box@10	rb=2.01,1,0.43	cb=2,1,0.3@2,50.5,0	rbc=0.01,0,-0.06	colDetail=piece_SheaWoodHalf(Clone){pos=0,0,0,scale=1,1,1,center=0,0,0,size=2,1,0.3}	snaps=1,0.5,0 -1,0.5,0 1,-0.5,0 -1,-0.5,0	comps=	ground=False/False	noclip=False
P	piece_SheaWoodQuarter	Sheawood Quarter Wall	BuildingWorkbench	Wood	sup=True	supWear=True	burn=True	hp=400	fireMod=Normal	roofWear=False	layer=10	cols=Box@10	rb=1.01,1,0.43	cb=1,1,0.3@0,50.5,0	rbc=0.01,0.5,-0.06	colDetail=piece_SheaWoodQuarter(Clone){pos=0,0,0,scale=1,1,1,center=0,0.5,0,size=1,1,0.3}	snaps=0.5,1,0 -0.5,1,0 0.5,0,0 -0.5,0,0	comps=	ground=False/False	noclip=False
P	piece_SheaWoodLattice	Sheawood  Lattice	BuildingWorkbench	Wood	sup=True	supWear=True	burn=True	hp=400	fireMod=Normal	roofWear=False	layer=10	cols=Box@10	rb=1,2,0.2	cb=1,2,0.1@0,51,0	rbc=0,1,0	colDetail=collider{pos=0,1,0,scale=1,2,0.1,center=0,0,0,size=1,1,1}	snaps=0.5,2,0 0.5,0,0 -0.5,2,0 -0.5,0,0	comps=	ground=False/False	noclip=False
P	piece_SheaWoodPitch45	Sheawood  Pitch 45	BuildingWorkbench	Wood	sup=True	supWear=True	burn=True	hp=400	fireMod=Normal	roofWear=False	layer=10	cols=Box@10 Box@10 Box@10 Box@10 Box@10	rb=2.41,2.41,0.4	cb=2.43,2.43,0.4@0,51,0	rbc=0,1,0	colDetail=collider_top{pos=0,1,0,scale=0.4,0.6,2.83,center=0,0,0,size=1,1,1} collider{pos=-0.24,0.38,0,scale=0.3,0.5,0.78,center=0,0,-0.06,size=1,1,1.12} collider{pos=0.27,0.64,0,scale=0.3,0.48,1.29,center=0,0,-0.04,size=1,1,1.07} collider{pos=0.76,0.88,0,scale=0.3,0.47,1.78,center=0,0,-0.04,size=1,1,1.08} collider{pos=-0.74,0.38,0,scale=0.3,0.5,0.78,center=0,0,0.25,size=1,1,0.5}	snaps=1,0,0 1,2,0 -1,0,0	comps=	ground=False/False	noclip=False
P	piece_SheaWoodPitchP45	Sheawood  Pitch P45	BuildingWorkbench	Wood	sup=True	supWear=True	burn=True	hp=400	fireMod=Normal	roofWear=False	layer=10	cols=Box@10 Box@10 Box@10 Box@10 Box@10	rb=2.41,2.41,0.42	cb=2.43,2.43,0.42@0,51.25,0	rbc=0,1.25,0	colDetail=GameObject (1)/collider_top{pos=0,1,0,scale=0.42,0.6,2.83,center=0,0,0,size=1,1,1} GameObject (1)/collider{pos=-0.24,0.38,0,scale=0.32,0.5,0.78,center=0,0,-0.06,size=1,1,1.12} GameObject (1)/collider{pos=0.27,0.64,0,scale=0.32,0.48,1.29,center=0,0,-0.04,size=1,1,1.07} GameObject (1)/collider{pos=0.76,0.88,0,scale=0.32,0.47,1.78,center=0,0,-0.04,size=1,1,1.08} GameObject (1)/collider{pos=-0.74,0.38,0,scale=0.32,0.5,0.78,center=0,0,0.25,size=1,1,0.5}	snaps=1,2.25,0 1,0.25,0 -1,2.25,0	comps=	ground=False/False	noclip=False
P	piece_SheaWoodPitch26	Sheawood  Pitch 26	BuildingWorkbench	Wood	sup=True	supWear=True	burn=True	hp=400	fireMod=Normal	roofWear=False	layer=10	cols=Box@10 Box@10	rb=2.26,1.51,0.4	cb=2.27,1.54,0.4@0,51.5,0	rbc=0,0.5,0	colDetail=collider{pos=0.5,0.33,0,scale=1,0.33,1,center=-0.15,0.02,0,size=1.28,2.04,0.3} topcollider{pos=0,0.5,0,scale=0.4,0.6,2.24,center=0,0,0,size=1,1,1}	snaps=1,1,0 -1,0,0 1,0,0	comps=	ground=False/False	noclip=False
P	piece_SheaWoodPitchP26	Sheawood  Pitch P26	BuildingWorkbench	Wood	sup=True	supWear=True	burn=True	hp=400	fireMod=Normal	roofWear=False	layer=10	cols=Box@10 Box@10	rb=2.26,1.51,0.42	cb=2.27,1.54,0.42@0,49.5,0	rbc=0,-0.5,0	colDetail=GameObject/collider{pos=0.5,0.33,0,scale=1,0.33,1.05,center=-0.15,0.02,0,size=1.28,2.04,0.3} GameObject/topcollider{pos=0,0.5,0,scale=0.42,0.6,2.24,center=0,0,0,size=1,1,1}	snaps=1,-1,0 -1,0,0 1,0,0	comps=	ground=False/False	noclip=False
P	piece_SheawoodStairs	Sheawood Stairs	BuildingWorkbench	Wood	sup=True	supWear=True	burn=True	hp=400	fireMod=Normal	roofWear=False	layer=10	cols=Box@10 Box@10 Box@10 Box@10	rb=2,1.18,2.1	cb=2,1.12,2.03@0,50.49,-0.01	rbc=0,0.46,-0.04	colDetail=collider (1){pos=0,0.88,-0.9,scale=2,0.33,0.25,center=0,0.21,-0.3,size=1,0.57,0.39} collider{pos=0,0.5,0,scale=2,0.1,2.29,center=0,0.38,0,size=1,0.84,0.94} collider (2){pos=0,-0.07,0.88,scale=2,0.33,0.25,center=0,0.25,0,size=1,0.51,1} collider (3){pos=0,0.38,-0.08,scale=2,0.1,2.29,center=0,0.1,0.03,size=1,2.08,0.5}	snaps=1,0,1 1,1,-1 -1,1,-1 -1,0,1	comps=	ground=False/False	noclip=False
P	piece_SheawoodStep	Sheawood Step Ladder	BuildingWorkbench	Wood	sup=True	supWear=True	burn=True	hp=400	fireMod=Normal	roofWear=False	layer=10	cols=Box@10 Box@10 Box@10 Box@10 Box@10 Box@10 Box*@14 Box*@14 Box*@14	rb=1,2.15,2.15	cb=1,2.16,2.16@0,1,0	rbc=0,1,0	colDetail=plank_top{pos=0,2,-0.85,scale=0.9,0.1,0.3,center=0,0,0,size=1,1,1} plank_bottom{pos=0,0,0.85,scale=0.9,0.1,0.3,center=0,0,0,size=1,1,1} plank (1){pos=0,1.32,-0.32,scale=0.9,0.1,0.6,center=0,0,0,size=1,1,1} plank (2){pos=0,0.66,0.34,scale=0.9,0.1,0.6,center=0,0,0,size=1,1,1} plank_left{pos=0.45,1,0,scale=0.2,0.1,2.85,center=0,0,0,size=1,1,1} plank_right{pos=-0.45,1,0,scale=0.2,0.1,2.85,center=0,0,0,size=1,1,1} jump_trigger{pos=0,0.53,0.65,scale=0.8,0.21,0.29,center=0,0,0,size=1,1,1} jump_trigger (1){pos=0,1.17,-0.04,scale=0.8,0.26,0.35,center=0,0,0,size=1,1,1} jump_trigger (2){pos=0,1.84,-0.71,scale=0.8,0.26,0.38,center=0,0,0,size=1,1,1}	snaps=0.5,2,-1 -0.5,2,-1 0.5,0,1 -0.5,0,1	comps=AutoJumpLedge	ground=False/False	noclip=False
P	piece_SheaSprialStairs	Sheawood Spiral Staircase	BuildingWorkbench	Wood	sup=True	supWear=True	burn=True	hp=400	fireMod=Normal	roofWear=True	layer=10	cols=Box@10 Box*@14 Box@10 Box@10 Box@10 Box@10 Box@10 Box@10 Box@10 Box@10 Box@10 Box@10 Box@10 Box@10 Box@10 Box@10 Box@10 Box@10 Box@10 Box@10 Box@10 Box@10 Box@10 Box@10 Box@10 Box@10 Box@10 Box@10 Box@10 Box@10 Box@10 Box@10 Box@10 Box@10 Box@10 Box@10 Box@10 Box@10 Box@10 Box*@14 Box*@14 Box*@14 Box*@14 Box*@14 Box*@14 Box*@14 Box*@14 Box*@14 Box*@14 Box*@14 Box*@14 Box*@14 Box*@14 Box*@14 Box*@14 Box@10	rb=4.8,5.77,3.35	cb=4.84,5.8,3.37@-0.03,2.44,0.61	rbc=-0.01,2.45,0.59	colDetail=MTHRFNKSTPS{pos=1.36,-0.29,0.01,scale=2.26,0.16,0.58,center=0,0,0,size=1,1,1} jump_trigger{pos=1.22,-0.43,-0.48,scale=1.96,0.17,0.42,center=0,0,0,size=1,1,1} MTHRFNKSTPS (1){pos=1.24,-0.42,-0.39,scale=2.26,0.11,0.58,center=0,0,0,size=1,1,1} MTHRFNKSTPS (2){pos=1.36,-0.02,0.5,scale=2.26,0.16,0.58,center=0,0,0,size=1,1,1} MTHRFNKSTPS (3){pos=1.23,0.26,0.73,scale=2.26,0.16,0.58,center=0,0,0,size=1,1,1} MTHRFNKSTPS (4){pos=0.99,0.54,0.91,scale=2.26,0.16,0.58,center=0,0,0,size=1,1,1} MTHRFNKSTPS (5){pos=0.74,0.81,1.03,scale=2.26,0.16,0.58,center=0,0,0,size=1,1,1} MTHRFNKSTPS (6){pos=0.56,1.09,1.23,scale=2.26,0.16,0.58,center=0,0,0,size=1,1,1} MTHRFNKSTPS (7){pos=0.26,1.37,1.21,scale=2.26,0.16,0.58,center=0,0,0,size=1,1,1} MTHRFNKSTPS (8){pos=-0.02,1.64,1.27,scale=2.26,0.16,0.58,center=0,0,0,size=1,1,1} MTHRFNKSTPS (9){pos=-0.24,1.92,1.17,scale=2.26,0.16,0.58,center=0,0,0,size=1,1,1} MTHRFNKSTPS (10){pos=-0.5,2.18,1.09,scale=2.26,0.16,0.58,center=0,0,0,size=1,1,1} MTHRFNKSTPS (11){pos=-0.78,2.47,1.04,scale=2.26,0.16,0.58,center=0,0,0,size=1,1,1} MTHRFNKSTPS (12){pos=-0.95,2.75,0.84,scale=2.26,0.16,0.58,center=0,0,0,size=1,1,1} MTHRFNKSTPS (13){pos=-1.1,3.02,0.68,scale=2.26,0.16,0.58,center=0,0,0,size=1,1,1} MTHRFNKSTPS (14){pos=-1.4,3.3,0.47,scale=2.26,0.16,0.58,center=0,0,0,size=1,1,1} MTHRFNKSTPS (15){pos=-1.43,3.58,0.18,scale=2.26,0.16,0.58,center=0,0,0,size=1,1,1} MTHRFNKSTPS (16){pos=-1.26,3.85,-0.08,scale=2.26,0.16,0.58,center=0,0,0,size=1,1,1} MTHRFNKRL (19){pos=2.46,0.29,0.12,scale=0.18,1.09,0.16,center=0,0,0,size=1,1,1} MTHRFNKRL (20){pos=2.39,0.53,0.58,scale=0.18,1.09,0.16,center=0,0,0,size=1,1,1} MTHRFNKRL (21){pos=2.23,0.81,1.04,scale=0.18,1.09,0.16,center=0,0,0,size=1,1,1} MTHRFNKRL (22){pos=1.96,1.08,1.43,scale=0.18,1.09,0.16,center=0,0,0,size=1,1,1} MTHRFNKRL (23){pos=1.61,1.41,1.81,scale=0.18,1.09,0.16,center=0,0,0,size=1,1,1} MTHRFNKRL (24){pos=1.17,1.64,2.07,scale=0.18,1.09,0.16,center=0,0,0,size=1,1,1} MTHRFNKRL (25){pos=0.68,1.95,2.25,scale=0.18,1.09,0.16,center=0,0,0,size=1,1,1} MTHRFNKRL (26){pos=0.15,2.22,2.28,scale=0.18,1.09,0.16,center=0,0,0,size=1,1,1} MTHRFNKRL (27){pos=-0.37,2.49,2.28,scale=0.18,1.09,0.16,center=0,0,0,size=1,1,1} MTHRFNKRL (28){pos=-0.88,2.77,2.18,scale=0.18,1.09,0.16,center=0,0,0,size=1,1,1} MTHRFNKRL (29){pos=-1.37,3.05,1.96,scale=0.18,1.09,0.16,center=0,0,0,size=1,1,1} MTHRFNKRL (30){pos=-1.76,3.31,1.66,scale=0.18,1.09,0.16,center=0,0,0,size=1,1,1} MTHRFNKRL (31){pos=-2.11,3.59,1.3,scale=0.18,1.09,0.16,center=0,0,0,size=1,1,1} MTHRFNKRL (32){pos=-2.32,3.87,0.86,scale=0.18,1.09,0.16,center=0,0,0,size=1,1,1} MTHRFNKRL (33){pos=-2.43,4.16,0.4,scale=0.18,1.09,0.16,center=0,0,0,size=1,1,1} MTHRFNKRL (34){pos=-2.43,4.42,-0.07,scale=0.18,1.09,0.16,center=0,0,0,size=1,1,1} MIDIK{pos=0.02,2.73,0.14,scale=0.65,5.75,0.6,center=0,0,0,size=1,1,1} Jushguochbigoleguoch{pos=0.04,5.86,0.14,scale=1.15,0.12,0.85,center=0,0,0,size=1,1,1} Jushguochbigoleguoch (1){pos=0.04,5.86,0.14,scale=1.32,0.12,0.85,center=0,0,0,size=1,1,1} Jushguochbigoleguoch (2){pos=0.04,5.86,0.14,scale=1.32,0.12,0.85,center=0,0,0,size=1,1,1} Jushguochbigoleguoch (3){pos=0.04,5.86,0.14,scale=1.32,0.12,0.85,center=0,0,0,size=1,1,1} jump_trigger (1){pos=1.3,-0.3,-0.09,scale=1.96,0.17,0.42,center=0,0,0,size=1,1,1} jump_trigger (2){pos=1.3,-0.03,0.39,scale=1.96,0.17,0.42,center=0,0,0,size=1,1,1} jump_trigger (3){pos=1.3,0.25,0.67,scale=1.96,0.17,0.42,center=0,0,0,size=1,1,1} jump_trigger (4){pos=0.99,0.53,0.81,scale=1.96,0.17,0.42,center=0,0,0,size=1,1,1} jump_trigger (5){pos=0.99,0.81,1.17,scale=1.96,0.17,0.42,center=0,0,0,size=1,1,1} jump_trigger (6){pos=0.66,1.08,1.25,scale=1.96,0.17,0.42,center=0,0,0,size=1,1,1} jump_trigger (7){pos=0.3,1.36,1.07,scale=1.96,0.17,0.42,center=0,0,0,size=1,1,1} jump_trigger (8){pos=0.08,1.64,1.28,scale=1.96,0.17,0.42,center=0,0,0,size=1,1,1} jump_trigger (9){pos=-0.19,1.9,1.27,scale=1.96,0.17,0.42,center=0,0,0,size=1,1,1} jump_trigger (10){pos=-0.46,2.19,1.19,scale=1.96,0.17,0.42,center=0,0,0,size=1,1,1} jump_trigger (11){pos=-0.72,2.45,1.08,scale=1.96,0.17,0.42,center=0,0,0,size=1,1,1} jump_trigger (12){pos=-1.03,2.74,1.02,scale=1.96,0.17,0.42,center=0,0,0,size=1,1,1} jump_trigger (13){pos=-1.29,3.02,0.82,scale=1.96,0.17,0.42,center=0,0,0,size=1,1,1} jump_trigger (14){pos=-1.38,3.3,0.56,scale=1.96,0.17,0.42,center=0,0,0,size=1,1,1} jump_trigger (15){pos=-1.35,3.57,0.26,scale=1.96,0.17,0.42,center=0,0,0,size=1,1,1} jump_trigger (16){pos=-1.35,3.85,0.01,scale=1.96,0.17,0.42,center=0,0,0,size=1,1,1} collider{pos=1.29,-0.41,-0.28,scale=2,0.1,0.8,center=0,-0.05,0,size=1,1.3,1}	snaps=	comps=AutoJumpLedge	ground=False/False	noclip=False
P	piece_SheaSprialStairsV2	Sheawood Spiral Staircase v2	BuildingWorkbench	Wood	sup=True	supWear=False	burn=True	hp=2000	fireMod=Normal	roofWear=False	layer=10	cols=Box@10 Box@10 Box@10 Box*@14 Box*@14 Box*@14 Box*@14 Box*@14 Box*@14 Box*@14 Box*@14 Box*@14 Box*@14 Box*@14 Box*@14 Box*@14 Box*@14 Box*@14 Box*@14 Box*@14 Box@10 Box@10 Box@10 Box@10 Box@10 Box@10 Box@10 Box@10 Box@10 Box@10 Box@10 Box@10 Box@10 Box@10 Box@10 Box@10 Box@10 Box@10 Box@10 Box@10 Box@10 Box@10 Box@10 Box@10 Box@10 Box@10 Box@10 Box@10 Box@10 Box@10 Box@10 Box@10 Box@10 Box@10 Box@10 Box@10 Box@10	rb=4.8,5.01,3.35	cb=4.84,5.03,3.34@-0.03,2.02,0.63	rbc=-0.01,2.04,0.59	colDetail=collider (3){pos=-0.79,3.88,-0.08,scale=2,0.1,0.45,center=0,-0.05,0,size=1,1.3,1} collider{pos=1.43,-0.41,0.16,scale=2,0.1,0.87,center=0,-0.05,0,size=1,1.3,1} collider (2){pos=-1.46,3.87,-0.11,scale=2,0.1,0.4,center=0,-0.05,0,size=1,1.3,1} GameObject/jump_trigger{pos=1.22,-0.45,-0.48,scale=1.96,0.17,0.42,center=0,0,0,size=1,1,1} GameObject/jump_trigger (1){pos=1.3,-0.3,-0.09,scale=1.96,0.17,0.42,center=0,0,0,size=1,1,1} GameObject/jump_trigger (2){pos=1.3,-0.03,0.39,scale=1.96,0.17,0.42,center=0,0,0,size=1,1,1} GameObject/jump_trigger (3){pos=1.3,0.25,0.67,scale=1.96,0.17,0.42,center=0,0,0,size=1,1,1} GameObject/jump_trigger (4){pos=0.99,0.53,0.81,scale=1.96,0.17,0.42,center=0,0,0,size=1,1,1} GameObject/jump_trigger (5){pos=0.99,0.81,1.17,scale=1.96,0.17,0.42,center=0,0,0,size=1,1,1} GameObject/jump_trigger (6){pos=0.66,1.08,1.25,scale=1.96,0.17,0.42,center=0,0,0,size=1,1,1} GameObject/jump_trigger (7){pos=0.3,1.36,1.07,scale=1.96,0.17,0.42,center=0,0,0,size=1,1,1} GameObject/jump_trigger (8){pos=0.08,1.64,1.28,scale=1.96,0.17,0.42,center=0,0,0,size=1,1,1} GameObject/jump_trigger (9){pos=-0.19,1.9,1.27,scale=1.96,0.17,0.42,center=0,0,0,size=1,1,1} GameObject/jump_trigger (10){pos=-0.46,2.19,1.19,scale=1.96,0.17,0.42,center=0,0,0,size=1,1,1} GameObject/jump_trigger (11){pos=-0.72,2.45,1.08,scale=1.96,0.17,0.42,center=0,0,0,size=1,1,1} GameObject/jump_trigger (12){pos=-1.03,2.74,1.02,scale=1.96,0.17,0.42,center=0,0,0,size=1,1,1} GameObject/jump_trigger (13){pos=-1.29,3.02,0.82,scale=1.96,0.17,0.42,center=0,0,0,size=1,1,1} GameObject/jump_trigger (14){pos=-1.38,3.3,0.56,scale=1.96,0.17,0.42,center=0,0,0,size=1,1,1} GameObject/jump_trigger (15){pos=-1.35,3.57,0.26,scale=1.96,0.17,0.42,center=0,0,0,size=1,1,1} GameObject/jump_trigger (16){pos=-1.35,3.85,0.01,scale=1.96,0.17,0.42,center=0,0,0,size=1,1,1} GameObject/MTHRFNKSTPS{pos=1.36,-0.29,0.01,scale=2.26,0.16,0.58,center=0,0,0,size=1,1,1} GameObject/MTHRFNKSTPS (2){pos=1.36,-0.02,0.5,scale=2.26,0.16,0.58,center=0,0,0,size=1,1,1} GameObject/MTHRFNKSTPS (3){pos=1.23,0.26,0.73,scale=2.26,0.16,0.58,center=0,0,0,size=1,1,1} GameObject/MTHRFNKSTPS (4){pos=0.99,0.54,0.91,scale=2.26,0.16,0.58,center=0,0,0,size=1,1,1} GameObject/MTHRFNKSTPS (5){pos=0.74,0.81,1.03,scale=2.26,0.16,0.58,center=0,0,0,size=1,1,1} GameObject/MTHRFNKSTPS (6){pos=0.56,1.09,1.23,scale=2.26,0.16,0.58,center=0,0,0,size=1,1,1} GameObject/MTHRFNKSTPS (7){pos=0.26,1.37,1.21,scale=2.26,0.16,0.58,center=0,0,0,size=1,1,1} GameObject/MTHRFNKSTPS (8){pos=-0.02,1.64,1.27,scale=2.26,0.16,0.58,center=0,0,0,size=1,1,1} GameObject/MTHRFNKSTPS (9){pos=-0.24,1.92,1.17,scale=2.26,0.16,0.58,center=0,0,0,size=1,1,1} GameObject/MTHRFNKSTPS (10){pos=-0.5,2.18,1.09,scale=2.26,0.16,0.58,center=0,0,0,size=1,1,1} GameObject/MTHRFNKSTPS (11){pos=-0.78,2.47,1.04,scale=2.26,0.16,0.58,center=0,0,0,size=1,1,1} GameObject/MTHRFNKSTPS (12){pos=-0.95,2.75,0.84,scale=2.26,0.16,0.58,center=0,0,0,size=1,1,1} GameObject/MTHRFNKSTPS (13){pos=-1.1,3.02,0.68,scale=2.26,0.16,0.58,center=0,0,0,size=1,1,1} GameObject/MTHRFNKSTPS (14){pos=-1.4,3.3,0.47,scale=2.26,0.16,0.58,center=0,0,0,size=1,1,1} GameObject/MTHRFNKSTPS (15){pos=-1.43,3.58,0.18,scale=2.26,0.16,0.58,center=0,0,0,size=1,1,1} GameObject/MTHRFNKSTPS (16){pos=-1.26,3.85,-0.08,scale=2.26,0.16,0.58,center=0,0,0,size=1,1,1} GameObject/MTHRFNKRL (19){pos=2.46,0.29,0.12,scale=0.18,1.09,0.16,center=0,0,0,size=1,1,1} GameObject/MTHRFNKRL (20){pos=2.39,0.53,0.58,scale=0.18,1.09,0.16,center=0,0,0,size=1,1,1} GameObject/MTHRFNKRL (21){pos=2.23,0.81,1.04,scale=0.18,1.09,0.16,center=0,0,0,size=1,1,1} GameObject/MTHRFNKRL (22){pos=1.96,1.08,1.43,scale=0.18,1.09,0.16,center=0,0,0,size=1,1,1} GameObject/MTHRFNKRL (23){pos=1.61,1.41,1.81,scale=0.18,1.09,0.16,center=0,0,0,size=1,1,1} GameObject/MTHRFNKRL (24){pos=1.17,1.64,2.07,scale=0.18,1.09,0.16,center=0,0,0,size=1,1,1} GameObject/MTHRFNKRL (25){pos=0.68,1.95,2.25,scale=0.18,1.09,0.16,center=0,0,0,size=1,1,1} GameObject/MTHRFNKRL (26){pos=0.15,2.22,2.28,scale=0.18,1.09,0.16,center=0,0,0,size=1,1,1} GameObject/MTHRFNKRL (27){pos=-0.37,2.49,2.28,scale=0.18,1.09,0.16,center=0,0,0,size=1,1,1} GameObject/MTHRFNKRL (28){pos=-0.88,2.77,2.18,scale=0.18,1.09,0.16,center=0,0,0,size=1,1,1} GameObject/MTHRFNKRL (29){pos=-1.37,3.05,1.96,scale=0.18,1.09,0.16,center=0,0,0,size=1,1,1} GameObject/MTHRFNKRL (30){pos=-1.76,3.31,1.66,scale=0.18,1.09,0.16,center=0,0,0,size=1,1,1} GameObject/MTHRFNKRL (31){pos=-2.11,3.59,1.3,scale=0.18,1.09,0.16,center=0,0,0,size=1,1,1} GameObject/MTHRFNKRL (32){pos=-2.32,3.87,0.86,scale=0.18,1.09,0.16,center=0,0,0,size=1,1,1} GameObject/MTHRFNKRL (33){pos=-2.43,4.16,0.4,scale=0.18,1.09,0.16,center=0,0,0,size=1,1,1} GameObject/MTHRFNKRL (34){pos=-2.43,4.42,-0.07,scale=0.18,1.09,0.16,center=0,0,0,size=1,1,1} GameObject/MIDIK{pos=0.02,1.75,0.14,scale=0.65,3.97,0.6,center=0,0,0,size=1,1,1} GameObject/Jushguochbigoleguoch{pos=0.04,3.87,0.14,scale=1.15,0.12,0.85,center=0,0,0,size=1,1,1} GameObject/Jushguochbigoleguoch (1){pos=0.04,3.87,0.14,scale=1.32,0.12,0.85,center=0,0,0,size=1,1,1} GameObject/Jushguochbigoleguoch (2){pos=0.04,3.87,0.14,scale=1.32,0.12,0.85,center=0,0,0,size=1,1,1} GameObject/Jushguochbigoleguoch (3){pos=0.04,3.87,0.14,scale=1.32,0.12,0.85,center=0,0,0,size=1,1,1}	snaps=0.29,-0.37,-0.31 2.29,-0.37,-0.31 -1.71,3.5,-0.32 0.29,3.5,-0.32	comps=AutoJumpLedge	ground=False/False	noclip=False
P	piece_SheaSPRLColumn	Sheawood Column	BuildingWorkbench	HardWood	sup=True	supWear=False	burn=True	hp=2000	fireMod=Normal	roofWear=False	layer=10	cols=Mesh@10	rb=1.61,4.01,1.63	cb=1.61,4.01,1.63@0.05,1.54,0.14	rbc=0.05,1.54,0.14	colDetail=	snaps=	comps=	ground=False/False	noclip=False
P	piece_GlassArch	Glass Arch	Crafting	Wood	sup=True	supWear=True	burn=True	hp=400	fireMod=Normal	roofWear=True	layer=10	cols=Box@10 Box@10 Box@10	rb=2.26,2.22,0.49	cb=2.21,2.22,0.4@0.91,51.11,0	rbc=0.88,1.1,0	colDetail=collider{pos=0,1.1,0,scale=0.4,2.2,0.4,center=0,0,0,size=1,1,1} collider (1){pos=1.11,2.02,0,scale=1.8,0.4,0.4,center=0,0,0,size=1,1,1} collider (2){pos=0.68,1.36,0,scale=1.8,0.55,0.2,center=0,0,0,size=1,1,1}	snaps=0,0,0 0,2,0 2,2,0	comps=	ground=False/False	noclip=False
P	piece_GlassBeam	Glass Short Beam	Crafting	Wood	sup=True	supWear=True	burn=True	hp=400	fireMod=Normal	roofWear=True	layer=10	cols=Box@10	rb=2.02,0.41,0.49	cb=2,0.4,0.4@0.23,50.5,-0.14	rbc=0,0.26,0	colDetail=collider{pos=0,0.25,0,scale=2,0.4,0.4,center=0,0,0,size=1,1,1}	snaps=1,0.25,0 -1,0.25,0	comps=	ground=False/False	noclip=False
P	piece_GlassBeam2	Glass Long Beam	Crafting	Wood	sup=True	supWear=True	burn=True	hp=400	fireMod=Normal	roofWear=True	layer=10	cols=Box@10	rb=4.02,0.42,0.49	cb=4,0.4,0.4@0,0.31,0	rbc=0,0.31,0	colDetail=collider (1){pos=0,0.31,0,scale=4,0.4,0.4,center=0,0,0,size=1,1,1}	snaps=-2,0.31,0 2,0.31,0	comps=	ground=False/False	noclip=False
P	piece_GlassPole	Glass Short Pole	Crafting	Wood	sup=True	supWear=True	burn=True	hp=400	fireMod=Normal	roofWear=True	layer=10	cols=Box@10	rb=0.49,2.02,0.49	cb=0.4,2,0.4@0,-0.04,0	rbc=0,-0.04,0	colDetail=collider{pos=0,-0.04,0,scale=0.4,2,0.4,center=0,0,0,size=1,1,1}	snaps=0,0.96,0 0,-1.04,0	comps=	ground=False/False	noclip=False
P	piece_GlassPole2	Glass Long Pole	Crafting	Wood	sup=True	supWear=True	burn=True	hp=400	fireMod=Normal	roofWear=True	layer=10	cols=Box@10	rb=0.49,4.02,0.49	cb=0.4,4,0.4@-0.28,-0.01,0	rbc=-0.28,-0.01,0	colDetail=collider (1){pos=-0.28,-0.01,0,scale=4,0.4,0.4,center=0,0,0,size=1,1,1}	snaps=-0.28,1.99,0 -0.28,-2.01,0	comps=	ground=False/False	noclip=False
P	piece_GlassRoof26	Glass Roof 26	Crafting	Wood	sup=True	supWear=True	burn=True	hp=400	fireMod=Normal	roofWear=True	layer=10	cols=Box@10	rb=2.38,1.16,2.71	cb=2.12,1.13,2@-3,53.52,5	rbc=0,0.49,0.29	colDetail=collider{pos=0,0.52,0,scale=2,0.14,2.29,center=0,0,0,size=1,1,1}	snaps=1,1,-1 1,0,1 -1,1,-1 -1,0,1	comps=	ground=False/False	noclip=False
P	piece_GlassRoof46	Glass Roof 45	Crafting	Wood	sup=True	supWear=True	burn=True	hp=400	fireMod=Normal	roofWear=True	layer=10	cols=Box@10	rb=2.36,2.47,2.78	cb=2.12,2.12,2@6.03,52.03,7	rbc=0,-0.16,0.34	colDetail=collider{pos=0,0.03,0.03,scale=2,0.16,2.83,center=0,0,0,size=1,1,1}	snaps=1,1,-1 1,-1,1 -1,1,-1 -1,-1,1	comps=	ground=False/False	noclip=False
P	piece_GlassLattice	Glass  Lattice	Crafting	Wood	sup=True	supWear=True	burn=True	hp=400	fireMod=Normal	roofWear=False	layer=10	cols=Box@10	rb=1,2,0.2	cb=1,2,0.1@0,51,0	rbc=0,1,0	colDetail=collider{pos=0,1,0,scale=1,2,0.1,center=0,0,0,size=1,1,1}	snaps=0.5,2,0 0.5,0,0 -0.5,2,0 -0.5,0,0	comps=	ground=False/False	noclip=False
P	piece_GlassGate	Glass Gate	Crafting	Wood	sup=True	supWear=True	burn=True	hp=400	fireMod=Normal	roofWear=False	layer=10	cols=Box@10 Box@10	rb=1.99,3.03,0.5	cb=1.98,3,0.5@0.01,0.5,0	rbc=0,0.49,0	colDetail=door{pos=0.69,0,0,scale=1,1,1,center=-0.83,0.5,0,size=1.68,3,0.2} New/plank (3){pos=0.85,0.5,0,scale=0.5,0.3,3,center=0,0,0,size=1,1,1}	snaps=1,1,0 -1,1,0 1,-1,0 -1,-1,0 1,2,0 -1,2,0	comps=Door	ground=False/False	noclip=False
P	piece_GlassSlice26	Glass Pitch 26	Crafting	Wood	sup=True	supWear=True	burn=True	hp=400	fireMod=Normal	roofWear=False	layer=10	cols=Box@10 Box@10	rb=2.26,1.51,0.4	cb=2.27,1.54,0.4@0,51.5,0	rbc=0,0.5,0	colDetail=collider{pos=0.5,0.33,0,scale=1,0.33,1,center=-0.15,0.02,0,size=1.28,2.04,0.3} topcollider{pos=0,0.5,0,scale=0.4,0.6,2.24,center=0,0,0,size=1,1,1}	snaps=1,1,0 -1,0,0 1,0,0	comps=	ground=False/False	noclip=False
P	piece_GlassSlice26Thin	Thin Glass Pitch 26	Crafting	Wood	sup=True	supWear=True	burn=True	hp=400	fireMod=Normal	roofWear=False	layer=10	cols=Box@10 Box@10	rb=2.26,1.51,0.2	cb=2.27,1.54,0.3@0,51.5,0	rbc=0,0.5,0	colDetail=collider{pos=0.5,0.33,0,scale=1,0.33,1,center=-0.15,0.02,0,size=1.28,2.04,0.3} topcollider{pos=0,0.5,0,scale=0.4,0.6,2.24,center=0,0,0,size=0.5,1,1}	snaps=1,1,0 -1,0,0 1,0,0	comps=	ground=False/False	noclip=False
P	piece_GlassSlice26U	Glass Pitch P26	Crafting	Wood	sup=True	supWear=True	burn=True	hp=400	fireMod=Normal	roofWear=False	layer=10	cols=Box@10 Box@10	rb=2.26,1.51,0.42	cb=2.27,1.54,0.42@0,49.5,0	rbc=0,-0.5,0	colDetail=GameObject/collider{pos=0.5,0.33,0,scale=1,0.33,1.05,center=-0.15,0.02,0,size=1.28,2.04,0.3} GameObject/topcollider{pos=0,0.5,0,scale=0.42,0.6,2.24,center=0,0,0,size=1,1,1}	snaps=1,-1,0 -1,0,0 1,0,0	comps=	ground=False/False	noclip=False
P	piece_GlassSlice26UThin	Thin Glass Pitch P26	Crafting	Wood	sup=True	supWear=True	burn=True	hp=400	fireMod=Normal	roofWear=False	layer=10	cols=Box@10 Box@10	rb=2.26,1.51,0.21	cb=2.27,1.54,0.21@0,49.5,0	rbc=0,-0.5,0	colDetail=GameObject/collider{pos=0.5,0.33,0,scale=1,0.33,1.05,center=-0.15,0.02,0,size=1.28,2.04,0.15} GameObject/topcollider{pos=0,0.5,0,scale=0.42,0.6,2.24,center=0,0,0,size=0.5,1,1}	snaps=1,-1,0 -1,0,0 1,0,0	comps=	ground=False/False	noclip=False
P	piece_GlassSlice45	Glass Pitch 45	Crafting	Wood	sup=True	supWear=True	burn=True	hp=400	fireMod=Normal	roofWear=False	layer=10	cols=Box@10 Box@10 Box@10 Box@10 Box@10	rb=2.41,2.41,0.4	cb=2.43,2.43,0.4@0,51,0	rbc=0,1,0	colDetail=collider_top{pos=0,1,0,scale=0.4,0.6,2.83,center=0,0,0,size=1,1,1} collider{pos=-0.24,0.38,0,scale=0.3,0.5,0.78,center=0,0,-0.06,size=1,1,1.12} collider{pos=0.27,0.64,0,scale=0.3,0.48,1.29,center=0,0,-0.04,size=1,1,1.07} collider{pos=0.76,0.88,0,scale=0.3,0.47,1.78,center=0,0,-0.04,size=1,1,1.08} collider{pos=-0.74,0.38,0,scale=0.3,0.5,0.78,center=0,0,0.25,size=1,1,0.5}	snaps=1,0,0 1,2,0 -1,0,0	comps=	ground=False/False	noclip=False
P	piece_GlassSlice45Thin	Thin Glass Pitch 45	Crafting	Wood	sup=True	supWear=True	burn=True	hp=400	fireMod=Normal	roofWear=False	layer=10	cols=Box@10 Box@10 Box@10 Box@10 Box@10	rb=2.41,2.41,0.2	cb=2.43,2.43,0.2@0,51,0	rbc=0,1,0	colDetail=collider_top{pos=0,1,0,scale=0.2,0.6,2.83,center=0,0,0,size=1,1,1} collider{pos=-0.24,0.38,0,scale=0.15,0.5,0.78,center=0,0,-0.06,size=1,1,1.12} collider{pos=0.27,0.64,0,scale=0.15,0.48,1.29,center=0,0,-0.04,size=1,1,1.07} collider{pos=0.76,0.88,0,scale=0.15,0.47,1.78,center=0,0,-0.04,size=1,1,1.08} collider{pos=-0.74,0.38,0,scale=0.15,0.5,0.78,center=0,0,0.25,size=1,1,0.5}	snaps=1,0,0 1,2,0 -1,0,0	comps=	ground=False/False	noclip=False
P	piece_GlassSlice45U	Glass Pitch P45	Crafting	Wood	sup=True	supWear=True	burn=True	hp=400	fireMod=Normal	roofWear=False	layer=10	cols=Box@10 Box@10 Box@10 Box@10 Box@10	rb=2.41,2.41,0.42	cb=2.43,2.43,0.42@0,51.25,0	rbc=0,1.25,0	colDetail=GameObject (1)/collider_top{pos=0,1,0,scale=0.42,0.6,2.83,center=0,0,0,size=1,1,1} GameObject (1)/collider{pos=-0.24,0.38,0,scale=0.32,0.5,0.78,center=0,0,-0.06,size=1,1,1.12} GameObject (1)/collider{pos=0.27,0.64,0,scale=0.32,0.48,1.29,center=0,0,-0.04,size=1,1,1.07} GameObject (1)/collider{pos=0.76,0.88,0,scale=0.32,0.47,1.78,center=0,0,-0.04,size=1,1,1.08} GameObject (1)/collider{pos=-0.74,0.38,0,scale=0.32,0.5,0.78,center=0,0,0.25,size=1,1,0.5}	snaps=1,2.25,0 1,0.25,0 -1,2.25,0	comps=	ground=False/False	noclip=False
P	piece_GlassSlice45UThin	Thin Glass Pitch P45	Crafting	Wood	sup=True	supWear=True	burn=True	hp=400	fireMod=Normal	roofWear=False	layer=10	cols=Box@10 Box@10 Box@10 Box@10 Box@10	rb=2.41,2.41,0.21	cb=2.43,2.43,0.21@0,51.25,0	rbc=0,1.25,0	colDetail=GameObject (1)/collider_top{pos=0,1,0,scale=0.42,0.6,2.83,center=0,0,0,size=0.5,1,1} GameObject (1)/collider{pos=-0.24,0.38,0,scale=0.32,0.5,0.78,center=0,0,-0.06,size=0.5,1,1.12} GameObject (1)/collider{pos=0.27,0.64,0,scale=0.32,0.48,1.29,center=0,0,-0.04,size=0.5,1,1.07} GameObject (1)/collider{pos=0.76,0.88,0,scale=0.32,0.47,1.78,center=0,0,-0.04,size=0.5,1,1.08} GameObject (1)/collider{pos=-0.74,0.38,0,scale=0.32,0.5,0.78,center=0,0,0.25,size=0.5,1,0.5}	snaps=1,2.25,0 1,0.25,0 -1,2.25,0	comps=	ground=False/False	noclip=False
P	piece_GlassWall	Glass Wall	Crafting	Wood	sup=True	supWear=True	burn=True	hp=400	fireMod=Normal	roofWear=False	layer=10	cols=Box@10	rb=2,2.02,0.3	cb=2,2,0.3@0,51,0	rbc=0,0,0	colDetail=piece_GlassWall(Clone){pos=0,0,0,scale=1,1,1,center=0,0,0,size=2,2,0.3}	snaps=1,1,0 -1,1,0 1,-1,0 -1,-1,0	comps=	ground=False/False	noclip=False
P	piece_GlassWallThin	Thin Glass Wall	Crafting	Wood	sup=True	supWear=True	burn=True	hp=400	fireMod=Normal	roofWear=False	layer=10	cols=Box@10	rb=2,2.02,0.15	cb=2,2,0.15@0,51,0	rbc=0,0,0	colDetail=piece_GlassWallThin(Clone){pos=0,0,0,scale=1,1,1,center=0,0,0,size=2,2,0.15}	snaps=1,1,0 -1,1,0 1,-1,0 -1,-1,0	comps=	ground=False/False	noclip=False
P	piece_GlassWallHalf	Glass Wall Half	Crafting	Wood	sup=True	supWear=True	burn=True	hp=400	fireMod=Normal	roofWear=False	layer=10	cols=Box@10	rb=2,1,0.3	cb=2,1,0.3@2,50.5,0	rbc=0,0,0	colDetail=piece_GlassWallHalf(Clone){pos=0,0,0,scale=1,1,1,center=0,0,0,size=2,1,0.3}	snaps=1,0.5,0 -1,0.5,0 1,-0.5,0 -1,-0.5,0	comps=	ground=False/False	noclip=False
P	piece_GlassWallHalfThin	Thin Glass Wall Half	Crafting	Wood	sup=True	supWear=True	burn=True	hp=400	fireMod=Normal	roofWear=False	layer=10	cols=Box@10	rb=2,1,0.15	cb=2,1,0.15@2,50.5,0	rbc=0,0,0	colDetail=piece_GlassWallHalfThin(Clone){pos=0,0,0,scale=1,1,1,center=0,0,0,size=2,1,0.15}	snaps=1,0.5,0 -1,0.5,0 1,-0.5,0 -1,-0.5,0	comps=	ground=False/False	noclip=False
P	piece_GlassWallQuarter	Glass Quarter Wall	Crafting	Wood	sup=True	supWear=True	burn=True	hp=400	fireMod=Normal	roofWear=False	layer=10	cols=Box@10	rb=1,1,0.3	cb=1,1,0.3@0,49.5,0	rbc=0,0.5,0	colDetail=piece_GlassWallQuarter(Clone){pos=0,0,0,scale=1,1,1,center=0,0.5,0,size=1,1,0.3}	snaps=0.5,1,0 -0.5,1,0 0.5,0,0 -0.5,0,0	comps=	ground=False/False	noclip=False
P	piece_GlassWallQuarterThin	Thin Glass Quarter Wall	Crafting	Wood	sup=True	supWear=True	burn=True	hp=400	fireMod=Normal	roofWear=False	layer=10	cols=Box@10	rb=1,1,0.15	cb=1,1,0.15@0,49.5,0	rbc=0,0.5,0	colDetail=piece_GlassWallQuarterThin(Clone){pos=0,0,0,scale=1,1,1,center=0,0.5,0,size=1,1,0.15}	snaps=0.5,1,0 -0.5,1,0 0.5,0,0 -0.5,0,0	comps=	ground=False/False	noclip=False
P	piece_TheGlassCeiling	Glass Floor	Crafting	Wood	sup=True	supWear=True	burn=True	hp=400	fireMod=Normal	roofWear=False	layer=10	cols=Box@10	rb=2,0.1,2	cb=2,0.13,2@-0.01,0.02,-0.01	rbc=0,0.03,-0.01	colDetail=collider{pos=-0.01,0.03,-0.01,scale=2,0.1,2,center=0,-0.05,0,size=1,1.3,1}	snaps=-1,-0.01,1 1,-0.01,1 -1,-0.01,-1 1,-0.01,-1	comps=	ground=False/False	noclip=False
P	piece_TolkAndSonsGate	Tolk & Sons Magick Gate	BuildingWorkbench	Wood	sup=True	supWear=True	burn=True	hp=250	fireMod=Normal	roofWear=False	layer=10	cols=Box@10 Box@10 Box@10 Box@10	rb=1.78,3.79,0.26	cb=1.4,2.49,0.84@-5.36,51.47,0	rbc=0.12,1.89,0.09	colDetail=collider{pos=0,1.33,-0.07,scale=0.89,0.89,0.89,center=0,0,-0.25,size=1.34,2.64,0.25} collider (1){pos=0,0.23,-0.02,scale=1,0.81,1.1,center=0,0,0,size=1.12,0.55,0.7} collider (2){pos=0.56,0.13,0,scale=0.79,0.86,1,center=0,0.36,0,size=0.36,0.88,0.84} collider (3){pos=-0.56,0.13,0,scale=0.79,0.86,1,center=0,0.36,0,size=0.36,0.88,0.84}	snaps=	comps=Chair	ground=False/False	noclip=False
P	piece_bannerBEE	Banner of the Decree	Misc	Wood	sup=True	supWear=True	burn=True	hp=100	fireMod=Normal	roofWear=True	layer=10	cols=Box@10	rb=0.2,3.03,1.41	cb=0.3,0.3,1.41@0,53.61,0	rbc=0,-1.41,0	colDetail=woodbeam{pos=0,0,0,scale=1.41,0.2,0.2,center=0,0,0,size=1,1.5,1.5}	snaps=	comps=	ground=False/False	noclip=False
MATERIALS 200
MAT	01_-_Default_0 [Standard]
MAT	11___Default_1 [Standard]
MAT	13_-_Default_0 [Standard]
MAT	aiLambert1_0 [Custom/Piece]
MAT	aiStandardSurface2SG_0 [Standard]
MAT	aiStandardSurface5SG_1 [Standard]
MAT	atlas_mobilier_baseColor_0 [Standard]
MAT	Banner_Border_BEE [Standard]
MAT	base_1 [Standard]
MAT	blinn1_0 [Standard]
MAT	blinn2SG_0 [Standard]
MAT	blinn3_0 [Custom/Piece]
MAT	blinn3_0 [Standard]
MAT	blue_2 [Standard]
MAT	Bread_Roll_PBR_0 [Standard]
MAT	Bricks_Mat_0 [Standard]
MAT	Bricks_Mat_3 [Standard]
MAT	Carpet pattern 05 [Standard]
MAT	Carpet pattern 06 [Standard]
MAT	Carpet pattern 07 [Standard]
MAT	Carpet pattern 09 [Custom/Piece]
MAT	Carpet pattern 10 [Standard]
MAT	Carpet pattern 11 [Standard]
MAT	CarpetTWo_1 [Standard]
MAT	Ce_Fi_1 [Standard]
MAT	Ce_Ka_2 [Standard]
MAT	Ce_La_3 [Standard]
MAT	Ce_Me_4 [Standard]
MAT	Ce_Ra_5 [Standard]
MAT	Ce_Tu_6 [Standard]
MAT	Cheese [Standard]
MAT	Cheese_1 [Standard]
MAT	chocolate_tart_0 [Standard]
MAT	Cleaver_0 [Custom/Piece]
MAT	Cloth_2k_1 [Custom/Piece]
MAT	Cloth_2k_2 [Standard]
MAT	Cloth_2k_3 [Standard]
MAT	Cloth_2k_4 [Standard]
MAT	Cloth_2k_5 [Standard]
MAT	Cream_2 [Standard]
MAT	Crust_1 [Standard]
MAT	crystal_window 1 [Custom/Piece]
MAT	Cushion_2 [Standard]
MAT	Cylinder__0_0 [Custom/Piece]
MAT	dark_wood_3 [Custom/Piece]
MAT	DarkWoodGate_mat 3 [Custom/Piece]
MAT	Default_OBJ.001_0 [Standard]
MAT	Default-Material [Standard]
MAT	DefaultMaterial_0 [Custom/Piece]
MAT	DefaultMaterial_0 [Standard]
MAT	defaultPolygonShader2_5 [Standard]
MAT	defaultPolygonShader3_3 [Standard]
MAT	defaultPolygonShader4_1 [Standard]
MAT	DriedGrass [ASE/ASE_StandartCutout2Sided]
MAT	Drink [Standard]
MAT	envelope_0 [Standard]
MAT	Filling_0 [Standard]
MAT	fish4 [Custom/Piece]
MAT	fish5 [Custom/Piece]
MAT	fish6 [Custom/Piece]
MAT	Flask [Standard]
MAT	Handle_1 [Custom/Piece]
MAT	HangingVegetables [Standard]
MAT	HangingVegetables2 [ASE/ASE_StandartCutout2Sided]
MAT	Hirschschdel_0 [Standard]
MAT	Holder_1 [Standard]
MAT	HONEYTILE [Standard]
MAT	HONEYTILE lighter [Standard]
MAT	initialShadingGroup_0 [Standard]
MAT	Ironbeam_mat 1 [Standard]
MAT	Ironbeam_mat 2 [Custom/Piece]
MAT	ivory_7 [Custom/Piece]
MAT	Karung_0 [Standard]
MAT	Keyboard_Keys_Small_4 [Custom/Piece]
MAT	Keyboard_Main_3 [Standard]
MAT	lambert1_0 [Standard]
MAT	lambert1_0_0 [Standard]
MAT	lambert1_BLANK [Custom/Piece]
MAT	lambert1_Jungle [Standard]
MAT	lambert2_0 [Standard]
MAT	lambert2SG1_0 [Standard]
MAT	lambert3_4 [Standard]
MAT	lambert4_2 [Standard]
MAT	lambert8_2 [Standard]
MAT	lambert9_1 [Standard]
MAT	lambert9_3 [Standard]
MAT	leaves_0 [Custom/Piece]
MAT	M_Berry_1_2 [Standard]
MAT	M_Berry_2_6 [Standard]
MAT	M_Bowl_8 [Standard]
MAT	M_Brooms_01 [Custom/Piece]
MAT	M_ButterChurn_0 [Standard]
MAT	m_cork_3 [Standard]
MAT	M_Cutting_Board_3 [Standard]
MAT	m_fennel_12 [Standard]
MAT	m_glass_4 [Standard]
MAT	M_Honey_7 [Standard]
MAT	M_Honey_Stick_1 [Custom/Piece]
MAT	m_metal_1 [Standard]
MAT	M_Napkin_4 [Standard]
MAT	m_orange_5 [Standard]
MAT	m_oregano_7 [Standard]
MAT	m_paintedwood_0 [Standard]
MAT	m_pinksalt_9 [Standard]
MAT	M_Pitchforks_01 [Custom/Piece]
MAT	m_redpepper_11 [Standard]
MAT	m_salt_6 [Standard]
MAT	m_string_13 [Standard]
MAT	m_tea_10 [Standard]
MAT	M_Trough_01 [Standard]
MAT	M_Wheelbarrow_01 [Standard]
MAT	M_wood_03 [Custom/Piece]
MAT	M_wood_04 [Standard]
MAT	M_wood_10 [Standard]
MAT	M_WoodenPail_0 [Standard]
MAT	m_yellowpowder_8 [Standard]
MAT	map_BirdCage_01_0 [Standard]
MAT	Master_2k_wood_0 [Standard]
MAT	Mat_Pickup3_Lvl2_Marigold_2 [Standard]
MAT	Mat_PickupPlant3_Marigold_1 [Standard]
MAT	Material.000001_0 [Standard]
MAT	Material.001_2 [Standard]
MAT	Material.001_3 [Custom/Piece]
MAT	Material.002_0 [Standard]
MAT	Material.002_1 [Standard]
MAT	Material.002_4 [Custom/Piece]
MAT	Material.003_0 [Standard]
MAT	Material.003_2 [Standard]
MAT	Material.004_2 [Custom/Piece]
MAT	Material.005_1 [Standard]
MAT	material_0 [Custom/Piece]
MAT	material_0 [Standard]
MAT	Material_0 [Standard]
MAT	material_0_0 [Standard]
MAT	material_0_5 [Standard]
MAT	material_0_diffuse_0 [Standard]
MAT	Material_153_1 [Standard]
MAT	material_2 [Custom/Piece]
MAT	material_3_3 [Standard]
MAT	material0_0 [Standard]
MAT	Meat [Standard]
MAT	MedievalKnife_0 [Custom/Piece]
MAT	Metal_0 [Custom/Piece]
MAT	Metal_6 [Standard]
MAT	MI_Books_01_0 [Standard]
MAT	MI_Books_02_1 [Standard]
MAT	MI_Books_03_2 [Standard]
MAT	Milk_1 [Standard]
MAT	Milk_SPOILED [Standard]
MAT	moss_1 [Custom/Piece]
MAT	mTrimSheet_0 [Standard]
MAT	muur_m_0 [Standard]
MAT	muur_m_1 [Standard]
MAT	muur_m_2 [Standard]
MAT	outwood_2 [Standard]
MAT	pasted__pasted__pasted__pasted__pasted__T_FishRack_BC_03_15 [Standard]
MAT	phong1SG_1 [Standard]
MAT	pict_1 [Standard]
MAT	Pie_Mass_0 [Standard]
MAT	Pipe_Line_L_14 [Standard]
MAT	Pipe_Line_Mid_13 [Standard]
MAT	PIpe_Line_R_12 [Standard]
MAT	pixel_lit_opaque [Particles/Standard Surface]
MAT	Planks5c_low 1 [Standard]
MAT	Pump_3 [Standard]
MAT	scalca_13 [Standard]
MAT	Scene_-_Root_0 [Standard]
MAT	SheaWoodBEAM DEATAIL [Standard]
MAT	SheaWoodBEAM DEATAIL CUSTOM [Custom/Piece]
MAT	SheaWoodDoor [Standard]
MAT	SheaWoodMat [Custom/Piece]
MAT	Spices_Bay_cinnmon_1 [Standard]
MAT	spices_bowl_0 [Standard]
MAT	Stein_0 [Standard]
MAT	stone [Standard]
MAT	stone2 [Standard]
MAT	string_4 [Custom/Piece]
MAT	T_Jar_Fabric_0 [Standard]
MAT	T_Jar_Fabric_1 [Standard]
MAT	Table_Mat SHEA [Standard]
MAT	TART_0 [Standard]
MAT	Toast_0 [Standard]
MAT	TolksonsMagickDoor [Custom/Piece]
MAT	tombstonewood [Standard]
MAT	troll 1 [Standard]
MAT	trollhidefrs [Standard]
MAT	trollshd [Standard]
MAT	turnip_1 [Custom/Piece]
MAT	VANILLASTONE 1 [Standard]
MAT	Vetro_2 [Standard]
MAT	Vine_m_0 [Standard]
MAT	Wires [Custom/Piece]
MAT	wood_0 [Standard]
MAT	wood_0_1 [Standard]
MAT	wood_0_2 [Standard]
MAT	wood_1 [Standard]
MAT	wood_8 [Custom/Piece]
MAT	WoodenPlanks [Standard]
MAT	woodwall [Custom/Piece]
MAT	woodwall 1 [Standard]
TEX	01_-_Default_baseColor_0
TEX	01_-_Default_metallicRoughness_1_metal
TEX	01_-_Default_metallicRoughness_1_occlusion
TEX	01_-_Default_normal_2
TEX	11___Default_baseColor_21
TEX	13_-_Default_baseColor_0
TEX	13_-_Default_metallicRoughness_1_metal
TEX	13_-_Default_normal_2
TEX	aiLambert1_baseColor_0
TEX	aiLambert1_normal_2
TEX	aiStandardSurface2SG_baseColor_0_0
TEX	aiStandardSurface2SG_metallicRoughness_1_metal
TEX	aiStandardSurface2SG_normal_2
TEX	aiStandardSurface5SG_baseColor_3
TEX	aiStandardSurface5SG_normal_4
TEX	atlas_mobilier_baseColor_0
TEX	Banner_QBEE
TEX	blinn1_baseColor_0
TEX	blinn1_metallicRoughness_1_metal
TEX	blinn1_metallicRoughness_1_occlusion
TEX	blinn1_normal_2
TEX	blinn2SG_baseColor_0
TEX	blinn2SG_metallicRoughness_1_metal
TEX	blinn2SG_metallicRoughness_1_occlusion
TEX	blinn3_baseColor_0
TEX	blinn3_metallicRoughness_1_metal
TEX	blinn3_metallicRoughness_1_occlusion
TEX	blinn3_normal_2
TEX	Bread_Roll_PBR_baseColor_0
TEX	Bread_Roll_PBR_metallicRoughness_1_metal
TEX	Bread_Roll_PBR_metallicRoughness_1_occlusion
TEX	Bread_Roll_PBR_normal_2
TEX	Bricks_Mat_baseColor_0
TEX	Bricks_Mat_baseColor_04
TEX	Bricks_Mat_baseColor_TILED1
TEX	Bricks_Mat_metallicRoughness_1_metal
TEX	Bricks_Mat_metallicRoughness_1_occlusion
TEX	Bricks_Mat_normal_2
TEX	CarpetTWo_baseColor_3
TEX	CarpetTWo_normal_4
TEX	Ce_Fi_baseColor_1
TEX	Ce_Ka_baseColor_5
TEX	Ce_La_baseColor_3
TEX	Ce_Me_baseColor_0
TEX	Ce_Ra_baseColor_6
TEX	Ce_Tu_baseColor_4
TEX	cheese_diff
TEX	cheese_gloss
TEX	cheese_normal
TEX	chocolate_tart_baseColor_0
TEX	chocolate_tart_metallicRoughness_1_metal
TEX	chocolate_tart_normal_2
TEX	Cleaver_baseColor_0
TEX	Cleaver_normal_2
TEX	Cloth_2k_baseColor_3
TEX	Cloth_2k_baseColor_4
TEX	Cloth_2k_baseColor_5
TEX	Cloth_2k_baseColor_6
TEX	Cloth_2k_metallicRoughness_4_metal
TEX	Cloth_2k_normal_5
TEX	Cream_baseColor_6
TEX	Cream_metallicRoughness_7_metal
TEX	Cream_metallicRoughness_7_occlusion
TEX	Cream_normal_8
TEX	Crust_baseColor_3
TEX	Crust_metallicRoughness_4_metal
TEX	Crust_metallicRoughness_4_occlusion
TEX	Crust_normal_5
TEX	Cushion_baseColor_5
TEX	Cushion_normal_6
TEX	Cylinder__0_baseColor_0
TEX	DarkWoodBeams_n
TEX	DarkWoodBeams_n 1
TEX	DarkWoodGate_d 1
TEX	DarkWoodGate_dS
TEX	DarkWoodGate_GOLD
TEX	DarkWoodGate_m 1
TEX	DarkWoodGate_n 1
TEX	Default_OBJ.001_baseColor_0
TEX	Default_OBJ.001_emissive_2
TEX	Default_OBJ.001_metallicRoughness_1_metal
TEX	Default_OBJ.001_metallicRoughness_1_occlusion
TEX	Default_OBJ.001_normal_3
TEX	DefaultMaterial_baseColor_0
TEX	DefaultMaterial_metallicRoughness_1_metal
TEX	DefaultMaterial_metallicRoughness_1_occlusion
TEX	DefaultMaterial_normal_2
TEX	defaultPolygonShader3_baseColor_9
TEX	defaultPolygonShader3_metallicRoughness_10_metal
TEX	defaultPolygonShader3_metallicRoughness_10_occlusion
TEX	defaultPolygonShader3_normal_11
TEX	defaultPolygonShader4_baseColor_3
TEX	defaultPolygonShader4_metallicRoughness_4_metal
TEX	defaultPolygonShader4_metallicRoughness_4_occlusion
TEX	defaultPolygonShader4_normal_5
TEX	diffuseBLUDMSK
TEX	diffuseGRYDMSK
TEX	diffuseLIGHTDMSK
TEX	diffuseRDMSK
TEX	diffuseWHTDMSK
TEX	dragonegg_n
TEX	envelope_baseColor_0
TEX	envelope_metallicRoughness_1_metal
TEX	envelope_normal_2
TEX	Filling_baseColor_0
TEX	Filling_metallicRoughness_1_metal
TEX	Filling_metallicRoughness_1_occlusion
TEX	Filling_normal_2
TEX	fish1_d 1
TEX	fish1_n 1
TEX	fish2_d 1
TEX	flask_diff
TEX	flask_normal
TEX	Handle_baseColor_3
TEX	Handle_normal_4
TEX	Herbs_diff
TEX	Herbs_normal
TEX	hide01_n 2shaded
TEX	Hirschschdel_diffuse_0
TEX	Hirschschdel_occlusion_2
TEX	Holder_baseColor_2
TEX	Holder_metallicRoughness_3_metal
TEX	Holder_normal_4
TEX	HONEYTILE
TEX	HONEYTILE lighter
TEX	initialShadingGroup_baseColor_0
TEX	initialShadingGroup_metallicRoughness_1_metal
TEX	initialShadingGroup_metallicRoughness_1_occlusion
TEX	initialShadingGroup_normal_2
TEX	Ironbeam_dS
TEX	Ironbeam_m 1
TEX	Ironbeam_n 1
TEX	ivory_baseColor_8
TEX	ivory_normal_10
TEX	Karung_baseColor_0
TEX	Karung_metallicRoughness_1_metal
TEX	Karung_normal_2
TEX	Keyboard_Keys_Small_baseColor_12
TEX	Keyboard_Main_baseColor_9
TEX	Keyboard_Main_metallicRoughness_10_metal
TEX	Keyboard_Main_normal_11
TEX	lambert1_baseColor_0
TEX	lambert1_baseColor_1
TEX	lambert1_baseColorJUNGLE
TEX	lambert1_metallicRoughness_1_metal
TEX	lambert1_metallicRoughness_1_metal_0
TEX	lambert1_metallicRoughness_1_occlusion
TEX	lambert1_metallicRoughness_1_occlusion_1
TEX	lambert1_normal_2
TEX	lambert1_normal_2_1
TEX	lambert1_normal_3
TEX	lambert2_baseColor_0
TEX	lambert2_metallicRoughness_1_metal
TEX	lambert2SG1_baseColor_0
TEX	lambert2SG1_metallicRoughness_1_metal
TEX	lambert2SG1_normal_2
TEX	lambert3_baseColor_12
TEX	lambert3_metallicRoughness_13_metal
TEX	lambert3_metallicRoughness_13_occlusion
TEX	lambert3_normal_14
TEX	lambert4_baseColor_6
TEX	lambert4_metallicRoughness_7_metal
TEX	lambert4_metallicRoughness_7_occlusion
TEX	lambert4_normal_8
TEX	lambert8_baseColor_6
TEX	lambert8_metallicRoughness_7_metal
TEX	lambert8_normal_8
TEX	lambert9_baseColor_3
TEX	lambert9_baseColor_5
TEX	lambert9_metallicRoughness_4_metal
TEX	lambert9_normal_5
TEX	leaves_baseColor_0
TEX	leaves_normal_2
TEX	M_Berry_1_baseColor_6
TEX	M_Berry_1_metallicRoughness_7_metal
TEX	M_Berry_1_normal_8
TEX	M_Berry_2_baseColor_16
TEX	M_Berry_2_metallicRoughness_17_metal
TEX	M_Berry_2_normal_18
TEX	M_Bowl_baseColor_19
TEX	M_Bowl_metallicRoughness_20_metal
TEX	M_Bowl_normal_21
TEX	M_ButterChurn_baseColor_0
TEX	M_ButterChurn_metallicRoughness_1_metal
TEX	M_ButterChurn_metallicRoughness_1_occlusion
TEX	M_ButterChurn_normal_2
TEX	m_cork_baseColor_6
TEX	m_cork_normal_7
TEX	M_Cutting_Board_baseColor_9
TEX	M_Cutting_Board_metallicRoughness_10_metal
TEX	M_Cutting_Board_normal_11
TEX	m_fennel_baseColor_22
TEX	m_fennel_normal_23
TEX	M_Honey_Stick_baseColor_3
TEX	M_Honey_Stick_normal_5
TEX	m_metal_baseColor_3
TEX	m_metal_metallicRoughness_4_metal
TEX	M_Napkin_baseColor_12
TEX	m_orange_baseColor_8
TEX	m_orange_normal_9
TEX	m_oregano_baseColor_12
TEX	m_oregano_normal_13
TEX	m_paintedwood_baseColor_0
TEX	m_paintedwood_metallicRoughness_1_metal
TEX	m_paintedwood_normal_2
TEX	m_pinksalt_baseColor_16
TEX	m_pinksalt_normal_17
TEX	m_redpepper_baseColor_20
TEX	m_redpepper_normal_21
TEX	m_salt_baseColor_10
TEX	m_salt_normal_11
TEX	m_string_baseColor_24
TEX	m_string_normal_25
TEX	m_tea_baseColor_18
TEX	m_tea_normal_19
TEX	M_WoodenPail_baseColor_0
TEX	M_WoodenPail_metallicRoughness_1_metal
TEX	M_WoodenPail_normal_2
TEX	m_yellowpowder_baseColor_14
TEX	m_yellowpowder_normal_15
TEX	map_BirdCage_01_baseColor_0
TEX	map_BirdCage_01_metallicRoughness_1_metal
TEX	map_BirdCage_01_normal_2
TEX	Master_2k_wood_baseColor_0
TEX	Master_2k_wood_metallicRoughness_1_metal
TEX	Master_2k_wood_normal_2
TEX	Mat_Pickup3_Lvl2_Marigold_baseColor_4
TEX	Mat_PickupPlant3_Marigold_baseColor_3
TEX	Material.000001_baseColor_0
TEX	Material.000001_metallicRoughness_1_metal
TEX	Material.000001_normal_2
TEX	Material.001_baseColor_2
TEX	Material.001_baseColor_3
TEX	Material.001_baseColor_6
TEX	Material.001_metallicRoughness_3_metal
TEX	Material.001_metallicRoughness_7_metal
TEX	Material.001_normal_4
TEX	Material.001_normal_8
TEX	Material.002_baseColor_0
TEX	Material.002_baseColor_11
TEX	Material.002_normal_3
TEX	Material.003_baseColor_0
TEX	Material.003_metallicRoughness_1_metal
TEX	Material.003_normal_2
TEX	Material.004_baseColor_5
TEX	Material.004_normal_7
TEX	Material.005_baseColor_3
TEX	Material.005_metallicRoughness_4_metal
TEX	material_0_baseColor_0
TEX	material_0_baseColor_13
TEX	material_0_diffuse_0
TEX	material_0_metallicRoughness_1_metal
TEX	material_0_metallicRoughness_1_occlusion
TEX	material_0_metallicRoughness_14_metal
TEX	material_0_normal_15
TEX	Material_153_baseColor_5
TEX	Material_153_metallicRoughness_3_metal
TEX	Material_153_metallicRoughness_3_occlusion
TEX	Material_153_normal_4
TEX	Material_baseColor_0
TEX	material_baseColor_9
TEX	material_metallicRoughness_1_metal
TEX	Material_metallicRoughness_1_metal
TEX	Material_metallicRoughness_1_occlusion
TEX	Material_metallicRoughness_2_metal
TEX	Material_normal_1
TEX	material_normal_10
TEX	material_normal_2
TEX	Material_normal_2
TEX	material0_baseColor_0
TEX	medicinal_decoction_diff
TEX	medicinal_decoction_normal
TEX	MedievalKnife_baseColor_0
TEX	MedievalKnife_normal_2
TEX	Metal_baseColor_0
TEX	Metal_metallicRoughness_1_occlusion
TEX	Metal_normal_2
TEX	MI_Books_01_baseColor_0
TEX	MI_Books_01_metallicRoughness_1_metal
TEX	MI_Books_01_normal_2
TEX	MI_Books_02_baseColor_3
TEX	MI_Books_02_metallicRoughness_4_metal
TEX	MI_Books_02_normal_5
TEX	MI_Books_03_baseColor_6
TEX	MI_Books_03_metallicRoughness_7_metal
TEX	MI_Books_03_normal_8
TEX	Milk_baseColor_0
TEX	Milk_metallicRoughness_1_metal
TEX	morerock
TEX	moss_baseColor_2
TEX	moss_normal_1
TEX	mTrimSheet_baseColor_0
TEX	mTrimSheet_metallicRoughness_1_metal
TEX	mTrimSheet_metallicRoughness_1_occlusion
TEX	mTrimSheet_normal_2
TEX	muur_m_baseColor_0
TEX	muur_m_baseColor_1
TEX	muur_m_baseColor_2
TEX	Noise
TEX	Noise 1
TEX	normal
TEX	NORMALGOOD
TEX	outwood_baseColor_1
TEX	outwood_normal_2
TEX	pasted__T_FishRack_BC_02_diffuse_5
TEX	phong1SG_baseColor_2
TEX	phong1SG_metallicRoughness_3_metal
TEX	phong1SG_metallicRoughness_3_occlusion
TEX	pict_baseColor_3
TEX	pict_metallicRoughness_4_metal
TEX	pict_metallicRoughness_4_occlusion
TEX	pict_normal_5
TEX	Pie_Mass_baseColor_0
TEX	Pie_Mass_metallicRoughness_1_metal
TEX	Pie_Mass_metallicRoughness_1_occlusion
TEX	Pie_Mass_normal_2
TEX	Pipe_Line_L_baseColor_41
TEX	Pipe_Line_L_metallicRoughness_42_metal
TEX	Pipe_Line_L_normal_43
TEX	Pipe_Line_Mid_baseColor_38
TEX	Pipe_Line_Mid_metallicRoughness_39_metal
TEX	Pipe_Line_Mid_normal_40
TEX	PIpe_Line_R_baseColor_35
TEX	PIpe_Line_R_metallicRoughness_36_metal
TEX	PIpe_Line_R_normal_37
TEX	Planks5_Normal
TEX	Planks5c_low
TEX	Planks5c_low 1
TEX	Planks5c_low_n
TEX	Planks5c_low_n 1
TEX	Pump_baseColor_3
TEX	Pump_normal_4
TEX	sausage_diff
TEX	sausage_normal
TEX	scalca_baseColor_2
TEX	SheasWoodBeams
TEX	SheasWoods
TEX	Spices_Bay_cinnmon_diffuse_1
TEX	spices_bowl_diffuse_0
TEX	Stein_baseColor_4
TEX	Stein_metallicRoughness_3_metal
TEX	Stein_metallicRoughness_3_occlusion
TEX	Stein_normal_5
TEX	string_baseColor_6
TEX	T_BroomsShovels_01_AlbedoTransparency
TEX	T_BroomsShovels_01_Normal
TEX	T_Jar_Fabric_baseColor_0
TEX	T_Jar_Fabric_baseColor_edit
TEX	T_Jar_Fabric_metallicRoughness_1_metal
TEX	T_Jar_Fabric_normal_2
TEX	T_RakesPitchforks_01_AlbedoTransparency
TEX	T_RakesPitchforks_01_Normal
TEX	T_Trough_Ladders_01_AlbedoTransparency
TEX	T_Trough_Ladders_01_AO
TEX	T_Trough_Ladders_01_MetallicSmoothness
TEX	T_Trough_Ladders_01_Normal
TEX	T_Wheelbarrow_01_AlbedoTransparency
TEX	T_Wheelbarrow_01_AO
TEX	T_Wheelbarrow_01_MetallicSmoothness
TEX	T_Wheelbarrow_01_Normal
TEX	t_wood_03_diff_2k
TEX	t_wood_03_nrm_2k
TEX	t_wood_04_diff_2k
TEX	t_wood_04_nrm_2k
TEX	t_wood_10_diff_2k
TEX	t_wood_10_nrm_2k
TEX	Table_d
TEX	Table_d2
TEX	Table_d4
TEX	TART_diffuse_0
TEX	Toast_diffuse_0
TEX	Toast_normal_2
TEX	troll_diffuse 1
TEX	troll_hide frs
TEX	troll_n 1
TEX	trollshaded
TEX	turnip_1
TEX	vegetables_diff
TEX	vegetables_gloss
TEX	vegetables_normal
TEX	Vine_m_baseColor_0
TEX	wood_0_baseColor_3
TEX	wood_0_metallicRoughness_4_metal
TEX	wood_0_metallicRoughness_4_occlusion
TEX	wood_0_normal_5
TEX	wood_2_baseColor_3
TEX	wood_2_normal_5
TEX	wood_baseColor_0
TEX	wood_baseColor_11
TEX	wood_metallicRoughness_1_metal
TEX	wood_metallicRoughness_1_occlusion
TEX	wood_normal_13
TEX	wood_normal_2
TEX	WoodenElements_Wood_color 1
TEX	WoodenElements_Wood_nmap 1
